-- MySQL dump 10.13  Distrib 9.2.0, for macos15.2 (x86_64)
--
-- Host: 127.0.0.1    Database: performa
-- ------------------------------------------------------
-- Server version	9.2.0

/*!40101 SET @OLD_CHARACTER_SET_CLIENT=@@CHARACTER_SET_CLIENT */;
/*!40101 SET @OLD_CHARACTER_SET_RESULTS=@@CHARACTER_SET_RESULTS */;
/*!40101 SET @OLD_COLLATION_CONNECTION=@@COLLATION_CONNECTION */;
/*!50503 SET NAMES utf8mb4 */;
/*!40103 SET @OLD_TIME_ZONE=@@TIME_ZONE */;
/*!40103 SET TIME_ZONE='+00:00' */;
/*!40014 SET @OLD_UNIQUE_CHECKS=@@UNIQUE_CHECKS, UNIQUE_CHECKS=0 */;
/*!40014 SET @OLD_FOREIGN_KEY_CHECKS=@@FOREIGN_KEY_CHECKS, FOREIGN_KEY_CHECKS=0 */;
/*!40101 SET @OLD_SQL_MODE=@@SQL_MODE, SQL_MODE='NO_AUTO_VALUE_ON_ZERO' */;
/*!40111 SET @OLD_SQL_NOTES=@@SQL_NOTES, SQL_NOTES=0 */;

--
-- Table structure for table `attendance`
--

DROP TABLE IF EXISTS `attendance`;
/*!40101 SET @saved_cs_client     = @@character_set_client */;
/*!50503 SET character_set_client = utf8mb4 */;
CREATE TABLE `attendance` (
  `id` int NOT NULL AUTO_INCREMENT,
  `student_id` int DEFAULT NULL,
  `tp_course_id` int DEFAULT NULL,
  `attendance_in_percent` decimal(5,2) NOT NULL,
  `create_time` datetime DEFAULT NULL,
  `update_time` datetime DEFAULT NULL,
  `is_deleted` tinyint(1) NOT NULL,
  PRIMARY KEY (`id`),
  KEY `student_id` (`student_id`),
  KEY `tp_course_id` (`tp_course_id`),
  CONSTRAINT `attendance_ibfk_1` FOREIGN KEY (`student_id`) REFERENCES `users` (`id`),
  CONSTRAINT `attendance_ibfk_2` FOREIGN KEY (`tp_course_id`) REFERENCES `term_program_courses` (`id`)
) ENGINE=InnoDB AUTO_INCREMENT=171 DEFAULT CHARSET=utf8mb4 COLLATE=utf8mb4_0900_ai_ci;
/*!40101 SET character_set_client = @saved_cs_client */;

--
-- Dumping data for table `attendance`
--

LOCK TABLES `attendance` WRITE;
/*!40000 ALTER TABLE `attendance` DISABLE KEYS */;
INSERT INTO `attendance` VALUES (1,2,1,92.00,'2025-04-05 22:14:14','2025-04-05 22:14:14',0),(2,2,2,88.00,'2025-04-05 22:14:14','2025-04-05 22:14:14',0),(3,2,3,85.00,'2025-04-05 22:14:14','2025-04-05 22:14:14',0),(4,2,4,91.00,'2025-04-05 22:14:14','2025-04-05 22:14:14',0),(5,2,5,87.00,'2025-04-05 22:14:14','2025-04-05 22:14:14',0),(6,3,1,95.00,'2025-04-05 22:14:14','2025-04-05 22:14:14',0),(7,3,2,93.00,'2025-04-05 22:14:14','2025-04-05 22:14:14',0),(8,3,3,92.00,'2025-04-05 22:14:14','2025-04-05 22:14:14',0),(9,3,4,96.00,'2025-04-05 22:14:14','2025-04-05 22:14:14',0),(10,3,5,97.00,'2025-04-05 22:14:14','2025-04-05 22:14:14',0),(11,4,1,90.00,'2025-04-05 22:14:14','2025-04-05 22:14:14',0),(12,4,2,91.00,'2025-04-05 22:14:14','2025-04-05 22:14:14',0),(13,4,3,92.00,'2025-04-05 22:14:14','2025-04-05 22:14:14',0),(14,4,4,94.00,'2025-04-05 22:14:14','2025-04-05 22:14:14',0),(15,4,5,88.00,'2025-04-05 22:14:14','2025-04-05 22:14:14',0),(16,5,1,85.00,'2025-04-05 22:14:14','2025-04-05 22:14:14',0),(17,5,2,80.00,'2025-04-05 22:14:14','2025-04-05 22:14:14',0),(18,5,3,86.00,'2025-04-05 22:14:14','2025-04-05 22:14:14',0),(19,5,4,84.00,'2025-04-05 22:14:14','2025-04-05 22:14:14',0),(20,5,5,90.00,'2025-04-05 22:14:14','2025-04-05 22:14:14',0),(21,11,1,81.00,'2025-04-05 22:14:14','2025-04-05 22:14:14',0),(22,11,2,92.00,'2025-04-05 22:14:14','2025-04-05 22:14:14',0),(23,11,3,85.00,'2025-04-05 22:14:14','2025-04-05 22:14:14',0),(24,11,4,88.00,'2025-04-05 22:14:14','2025-04-05 22:14:14',0),(25,11,5,89.00,'2025-04-05 22:14:14','2025-04-05 22:14:14',0),(26,12,1,93.00,'2025-04-05 22:14:14','2025-04-05 22:14:14',0),(27,12,2,96.00,'2025-04-05 22:14:14','2025-04-05 22:14:14',0),(28,12,3,90.00,'2025-04-05 22:14:14','2025-04-05 22:14:14',0),(29,12,4,92.00,'2025-04-05 22:14:14','2025-04-05 22:14:14',0),(30,12,5,94.00,'2025-04-05 22:14:14','2025-04-05 22:14:14',0),(31,13,1,91.00,'2025-04-05 22:14:14','2025-04-05 22:14:14',0),(32,13,2,85.00,'2025-04-05 22:14:14','2025-04-05 22:14:14',0),(33,13,3,80.00,'2025-04-05 22:14:14','2025-04-05 22:14:14',0),(34,13,4,84.00,'2025-04-05 22:14:14','2025-04-05 22:14:14',0),(35,13,5,93.00,'2025-04-05 22:14:14','2025-04-05 22:14:14',0),(36,14,1,92.00,'2025-04-05 22:14:14','2025-04-05 22:14:14',0),(37,14,2,88.00,'2025-04-05 22:14:14','2025-04-05 22:14:14',0),(38,14,3,87.00,'2025-04-05 22:14:14','2025-04-05 22:14:14',0),(39,14,4,94.00,'2025-04-05 22:14:14','2025-04-05 22:14:14',0),(40,14,5,95.00,'2025-04-05 22:14:14','2025-04-05 22:14:14',0),(41,15,1,81.00,'2025-04-05 22:14:14','2025-04-05 22:14:14',0),(42,15,2,89.00,'2025-04-05 22:14:14','2025-04-05 22:14:14',0),(43,15,3,92.00,'2025-04-05 22:14:14','2025-04-05 22:14:14',0),(44,15,4,96.00,'2025-04-05 22:14:14','2025-04-05 22:14:14',0),(45,15,5,85.00,'2025-04-05 22:14:14','2025-04-05 22:14:14',0),(46,16,1,90.00,'2025-04-05 22:14:14','2025-04-05 22:14:14',0),(47,16,2,88.00,'2025-04-05 22:14:14','2025-04-05 22:14:14',0),(48,16,3,85.00,'2025-04-05 22:14:14','2025-04-05 22:14:14',0),(49,16,4,91.00,'2025-04-05 22:14:14','2025-04-05 22:14:14',0),(50,16,5,84.00,'2025-04-05 22:14:14','2025-04-05 22:14:14',0),(51,17,1,95.00,'2025-04-05 22:14:14','2025-04-05 22:14:14',0),(52,17,2,93.00,'2025-04-05 22:14:14','2025-04-05 22:14:14',0),(53,17,3,92.00,'2025-04-05 22:14:14','2025-04-05 22:14:14',0),(54,17,4,87.00,'2025-04-05 22:14:14','2025-04-05 22:14:14',0),(55,17,5,96.00,'2025-04-05 22:14:14','2025-04-05 22:14:14',0),(56,18,1,85.00,'2025-04-05 22:14:14','2025-04-05 22:14:14',0),(57,18,2,80.00,'2025-04-05 22:14:14','2025-04-05 22:14:14',0),(58,18,3,82.00,'2025-04-05 22:14:14','2025-04-05 22:14:14',0),(59,18,4,84.00,'2025-04-05 22:14:14','2025-04-05 22:14:14',0),(60,18,5,86.00,'2025-04-05 22:14:14','2025-04-05 22:14:14',0),(61,19,1,90.00,'2025-04-05 22:14:14','2025-04-05 22:14:14',0),(62,19,2,88.00,'2025-04-05 22:14:14','2025-04-05 22:14:14',0),(63,19,3,91.00,'2025-04-05 22:14:14','2025-04-05 22:14:14',0),(64,19,4,93.00,'2025-04-05 22:14:14','2025-04-05 22:14:14',0),(65,19,5,89.00,'2025-04-05 22:14:14','2025-04-05 22:14:14',0),(66,20,1,95.00,'2025-04-05 22:14:14','2025-04-05 22:14:14',0),(67,20,2,92.00,'2025-04-05 22:14:14','2025-04-05 22:14:14',0),(68,20,3,94.00,'2025-04-05 22:14:14','2025-04-05 22:14:14',0),(69,20,4,96.00,'2025-04-05 22:14:14','2025-04-05 22:14:14',0),(70,20,5,87.00,'2025-04-05 22:14:14','2025-04-05 22:14:14',0),(71,21,6,89.00,'2025-04-05 22:14:14','2025-04-05 22:14:14',0),(72,21,7,91.00,'2025-04-05 22:14:14','2025-04-05 22:14:14',0),(73,21,8,94.00,'2025-04-05 22:14:14','2025-04-05 22:14:14',0),(74,21,9,90.00,'2025-04-05 22:14:14','2025-04-05 22:14:14',0),(75,21,10,92.00,'2025-04-05 22:14:14','2025-04-05 22:14:14',0),(76,22,6,96.00,'2025-04-05 22:14:14','2025-04-05 22:14:14',0),(77,22,7,92.00,'2025-04-05 22:14:14','2025-04-05 22:14:14',0),(78,22,8,93.00,'2025-04-05 22:14:14','2025-04-05 22:14:14',0),(79,22,9,95.00,'2025-04-05 22:14:14','2025-04-05 22:14:14',0),(80,22,10,89.00,'2025-04-05 22:14:14','2025-04-05 22:14:14',0),(81,23,6,91.00,'2025-04-05 22:14:14','2025-04-05 22:14:14',0),(82,23,7,80.00,'2025-04-05 22:14:14','2025-04-05 22:14:14',0),(83,23,8,90.00,'2025-04-05 22:14:14','2025-04-05 22:14:14',0),(84,23,9,92.00,'2025-04-05 22:14:14','2025-04-05 22:14:14',0),(85,23,10,85.00,'2025-04-05 22:14:14','2025-04-05 22:14:14',0),(86,24,6,82.00,'2025-04-05 22:14:14','2025-04-05 22:14:14',0),(87,24,7,94.00,'2025-04-05 22:14:14','2025-04-05 22:14:14',0),(88,24,8,90.00,'2025-04-05 22:14:14','2025-04-05 22:14:14',0),(89,24,9,89.00,'2025-04-05 22:14:14','2025-04-05 22:14:14',0),(90,24,10,96.00,'2025-04-05 22:14:14','2025-04-05 22:14:14',0),(91,25,6,84.00,'2025-04-05 22:14:14','2025-04-05 22:14:14',0),(92,25,7,91.00,'2025-04-05 22:14:14','2025-04-05 22:14:14',0),(93,25,8,82.00,'2025-04-05 22:14:14','2025-04-05 22:14:14',0),(94,25,9,85.00,'2025-04-05 22:14:14','2025-04-05 22:14:14',0),(95,25,10,93.00,'2025-04-05 22:14:14','2025-04-05 22:14:14',0),(96,26,6,80.00,'2025-04-05 22:14:14','2025-04-05 22:14:14',0),(97,26,7,86.00,'2025-04-05 22:14:14','2025-04-05 22:14:14',0),(98,26,8,88.00,'2025-04-05 22:14:14','2025-04-05 22:14:14',0),(99,26,9,94.00,'2025-04-05 22:14:14','2025-04-05 22:14:14',0),(100,26,10,92.00,'2025-04-05 22:14:14','2025-04-05 22:14:14',0),(101,27,6,93.00,'2025-04-05 22:14:14','2025-04-05 22:14:14',0),(102,27,7,95.00,'2025-04-05 22:14:14','2025-04-05 22:14:14',0),(103,27,8,87.00,'2025-04-05 22:14:14','2025-04-05 22:14:14',0),(104,27,9,91.00,'2025-04-05 22:14:14','2025-04-05 22:14:14',0),(105,27,10,92.00,'2025-04-05 22:14:14','2025-04-05 22:14:14',0),(106,28,6,80.00,'2025-04-05 22:14:14','2025-04-05 22:14:14',0),(107,28,7,82.00,'2025-04-05 22:14:14','2025-04-05 22:14:14',0),(108,28,8,88.00,'2025-04-05 22:14:14','2025-04-05 22:14:14',0),(109,28,9,85.00,'2025-04-05 22:14:14','2025-04-05 22:14:14',0),(110,28,10,90.00,'2025-04-05 22:14:14','2025-04-05 22:14:14',0),(111,29,6,95.00,'2025-04-05 22:14:14','2025-04-05 22:14:14',0),(112,29,7,90.00,'2025-04-05 22:14:14','2025-04-05 22:14:14',0),(113,29,8,93.00,'2025-04-05 22:14:14','2025-04-05 22:14:14',0),(114,29,9,87.00,'2025-04-05 22:14:14','2025-04-05 22:14:14',0),(115,29,10,84.00,'2025-04-05 22:14:14','2025-04-05 22:14:14',0),(116,30,6,81.00,'2025-04-05 22:14:14','2025-04-05 22:14:14',0),(117,30,7,92.00,'2025-04-05 22:14:14','2025-04-05 22:14:14',0),(118,30,8,88.00,'2025-04-05 22:14:14','2025-04-05 22:14:14',0),(119,30,9,93.00,'2025-04-05 22:14:14','2025-04-05 22:14:14',0),(120,30,10,91.00,'2025-04-05 22:14:14','2025-04-05 22:14:14',0),(121,21,11,89.00,'2025-04-05 22:14:14','2025-04-05 22:14:14',0),(122,21,12,94.00,'2025-04-05 22:14:14','2025-04-05 22:14:14',0),(123,21,13,93.00,'2025-04-05 22:14:14','2025-04-05 22:14:14',0),(124,21,14,95.00,'2025-04-05 22:14:14','2025-04-05 22:14:14',0),(125,21,15,90.00,'2025-04-05 22:14:14','2025-04-05 22:14:14',0),(126,22,11,91.00,'2025-04-05 22:14:14','2025-04-05 22:14:14',0),(127,22,12,80.00,'2025-04-05 22:14:14','2025-04-05 22:14:14',0),(128,22,13,84.00,'2025-04-05 22:14:14','2025-04-05 22:14:14',0),(129,22,14,92.00,'2025-04-05 22:14:14','2025-04-05 22:14:14',0),(130,22,15,88.00,'2025-04-05 22:14:14','2025-04-05 22:14:14',0),(131,23,11,81.00,'2025-04-05 22:14:14','2025-04-05 22:14:14',0),(132,23,12,89.00,'2025-04-05 22:14:14','2025-04-05 22:14:14',0),(133,23,13,93.00,'2025-04-05 22:14:14','2025-04-05 22:14:14',0),(134,23,14,92.00,'2025-04-05 22:14:14','2025-04-05 22:14:14',0),(135,23,15,95.00,'2025-04-05 22:14:14','2025-04-05 22:14:14',0),(136,24,11,94.00,'2025-04-05 22:14:14','2025-04-05 22:14:14',0),(137,24,12,81.00,'2025-04-05 22:14:14','2025-04-05 22:14:14',0),(138,24,13,90.00,'2025-04-05 22:14:14','2025-04-05 22:14:14',0),(139,24,14,92.00,'2025-04-05 22:14:14','2025-04-05 22:14:14',0),(140,24,15,91.00,'2025-04-05 22:14:14','2025-04-05 22:14:14',0),(141,25,11,80.00,'2025-04-05 22:14:14','2025-04-05 22:14:14',0),(142,25,12,91.00,'2025-04-05 22:14:14','2025-04-05 22:14:14',0),(143,25,13,88.00,'2025-04-05 22:14:14','2025-04-05 22:14:14',0),(144,25,14,95.00,'2025-04-05 22:14:14','2025-04-05 22:14:14',0),(145,25,15,84.00,'2025-04-05 22:14:14','2025-04-05 22:14:14',0),(146,26,11,85.00,'2025-04-05 22:14:14','2025-04-05 22:14:14',0),(147,26,12,92.00,'2025-04-05 22:14:14','2025-04-05 22:14:14',0),(148,26,13,91.00,'2025-04-05 22:14:14','2025-04-05 22:14:14',0),(149,26,14,94.00,'2025-04-05 22:14:14','2025-04-05 22:14:14',0),(150,26,15,89.00,'2025-04-05 22:14:14','2025-04-05 22:14:14',0),(151,27,11,90.00,'2025-04-05 22:14:14','2025-04-05 22:14:14',0),(152,27,12,96.00,'2025-04-05 22:14:14','2025-04-05 22:14:14',0),(153,27,13,80.00,'2025-04-05 22:14:14','2025-04-05 22:14:14',0),(154,27,14,85.00,'2025-04-05 22:14:14','2025-04-05 22:14:14',0),(155,27,15,93.00,'2025-04-05 22:14:14','2025-04-05 22:14:14',0),(156,28,11,93.00,'2025-04-05 22:14:14','2025-04-05 22:14:14',0),(157,28,12,84.00,'2025-04-05 22:14:14','2025-04-05 22:14:14',0),(158,28,13,95.00,'2025-04-05 22:14:14','2025-04-05 22:14:14',0),(159,28,14,88.00,'2025-04-05 22:14:14','2025-04-05 22:14:14',0),(160,28,15,90.00,'2025-04-05 22:14:14','2025-04-05 22:14:14',0),(161,29,11,92.00,'2025-04-05 22:14:14','2025-04-05 22:14:14',0),(162,29,12,87.00,'2025-04-05 22:14:14','2025-04-05 22:14:14',0),(163,29,13,91.00,'2025-04-05 22:14:14','2025-04-05 22:14:14',0),(164,29,14,84.00,'2025-04-05 22:14:14','2025-04-05 22:14:14',0),(165,29,15,93.00,'2025-04-05 22:14:14','2025-04-05 22:14:14',0),(166,30,11,95.00,'2025-04-05 22:14:14','2025-04-05 22:14:14',0),(167,30,12,80.00,'2025-04-05 22:14:14','2025-04-05 22:14:14',0),(168,30,13,92.00,'2025-04-05 22:14:14','2025-04-05 22:14:14',0),(169,30,14,85.00,'2025-04-05 22:14:14','2025-04-05 22:14:14',0),(170,30,15,91.00,'2025-04-05 22:14:14','2025-04-05 22:14:14',0);
/*!40000 ALTER TABLE `attendance` ENABLE KEYS */;
UNLOCK TABLES;

--
-- Table structure for table `courses`
--

DROP TABLE IF EXISTS `courses`;
/*!40101 SET @saved_cs_client     = @@character_set_client */;
/*!50503 SET character_set_client = utf8mb4 */;
CREATE TABLE `courses` (
  `id` int NOT NULL AUTO_INCREMENT,
  `code` varchar(128) NOT NULL,
  `name` varchar(128) NOT NULL,
  `description` varchar(2048) DEFAULT NULL,
  `create_time` datetime DEFAULT NULL,
  `update_time` datetime DEFAULT NULL,
  `is_deleted` tinyint(1) NOT NULL,
  PRIMARY KEY (`id`),
  UNIQUE KEY `code` (`code`)
) ENGINE=InnoDB AUTO_INCREMENT=11 DEFAULT CHARSET=utf8mb4 COLLATE=utf8mb4_0900_ai_ci;
/*!40101 SET character_set_client = @saved_cs_client */;

--
-- Dumping data for table `courses`
--

LOCK TABLES `courses` WRITE;
/*!40000 ALTER TABLE `courses` DISABLE KEYS */;
INSERT INTO `courses` VALUES (1,'PROG8401','Relational Database Design',NULL,'2025-04-05 22:14:13','2025-04-05 22:14:13',0),(2,'PROG8411','NoSQL Database Implementation',NULL,'2025-04-05 22:14:13','2025-04-05 22:14:13',0),(3,'PROG8421','Programming for Big Data',NULL,'2025-04-05 22:14:13','2025-04-05 22:14:13',0),(4,'PROG8441','Software Quality',NULL,'2025-04-05 22:14:13','2025-04-05 22:14:13',0),(5,'PROG8461','Web Analytics and Business Intelligence Tools',NULL,'2025-04-05 22:14:13','2025-04-05 22:14:13',0),(6,'ETHS8011','Ethics and Security',NULL,'2025-04-05 22:14:13','2025-04-05 22:14:13',0),(7,'INFO8121','Emerging Trends in Big Data',NULL,'2025-04-05 22:14:13','2025-04-05 22:14:13',0),(8,'PROG8435','Data Analysis Mathematics, Algorithms and Modeling',NULL,'2025-04-05 22:14:13','2025-04-05 22:14:13',0),(9,'PROG8451','Big Data Integration and Storage',NULL,'2025-04-05 22:14:13','2025-04-05 22:14:13',0),(10,'SENG8081','Case Studies',NULL,'2025-04-05 22:14:13','2025-04-05 22:14:13',0);
/*!40000 ALTER TABLE `courses` ENABLE KEYS */;
UNLOCK TABLES;

--
-- Table structure for table `enrollments`
--

DROP TABLE IF EXISTS `enrollments`;
/*!40101 SET @saved_cs_client     = @@character_set_client */;
/*!50503 SET character_set_client = utf8mb4 */;
CREATE TABLE `enrollments` (
  `id` int NOT NULL AUTO_INCREMENT,
  `student_id` int DEFAULT NULL,
  `term_id` int DEFAULT NULL,
  `program_id` int DEFAULT NULL,
  `status` smallint NOT NULL,
  `create_time` datetime DEFAULT NULL,
  `update_time` datetime DEFAULT NULL,
  `is_deleted` tinyint(1) NOT NULL,
  PRIMARY KEY (`id`),
  KEY `student_id` (`student_id`),
  KEY `term_id` (`term_id`),
  KEY `program_id` (`program_id`),
  CONSTRAINT `enrollments_ibfk_1` FOREIGN KEY (`student_id`) REFERENCES `users` (`id`),
  CONSTRAINT `enrollments_ibfk_2` FOREIGN KEY (`term_id`) REFERENCES `terms` (`id`),
  CONSTRAINT `enrollments_ibfk_3` FOREIGN KEY (`program_id`) REFERENCES `programs` (`id`)
) ENGINE=InnoDB AUTO_INCREMENT=25 DEFAULT CHARSET=utf8mb4 COLLATE=utf8mb4_0900_ai_ci;
/*!40101 SET character_set_client = @saved_cs_client */;

--
-- Dumping data for table `enrollments`
--

LOCK TABLES `enrollments` WRITE;
/*!40000 ALTER TABLE `enrollments` DISABLE KEYS */;
INSERT INTO `enrollments` VALUES (1,2,1,1,1,'2025-04-05 22:14:13','2025-04-05 22:14:13',0),(2,3,1,1,1,'2025-04-05 22:14:13','2025-04-05 22:14:13',0),(3,4,1,1,1,'2025-04-05 22:14:13','2025-04-05 22:14:13',0),(4,5,1,1,1,'2025-04-05 22:14:13','2025-04-05 22:14:13',0),(5,11,1,1,1,'2025-04-05 22:14:13','2025-04-05 22:14:13',0),(6,12,1,1,1,'2025-04-05 22:14:13','2025-04-05 22:14:13',0),(7,13,1,1,1,'2025-04-05 22:14:13','2025-04-05 22:14:13',0),(8,14,1,1,1,'2025-04-05 22:14:13','2025-04-05 22:14:13',0),(9,15,1,1,1,'2025-04-05 22:14:13','2025-04-05 22:14:13',0),(10,16,1,1,1,'2025-04-05 22:14:13','2025-04-05 22:14:13',0),(11,17,1,1,1,'2025-04-05 22:14:13','2025-04-05 22:14:13',0),(12,18,1,1,1,'2025-04-05 22:14:13','2025-04-05 22:14:13',0),(13,19,1,1,1,'2025-04-05 22:14:13','2025-04-05 22:14:13',0),(14,20,1,1,1,'2025-04-05 22:14:13','2025-04-05 22:14:13',0),(15,21,1,1,1,'2025-04-05 22:14:13','2025-04-05 22:14:13',0),(16,22,1,1,1,'2025-04-05 22:14:13','2025-04-05 22:14:13',0),(17,23,1,1,1,'2025-04-05 22:14:13','2025-04-05 22:14:13',0),(18,24,1,1,1,'2025-04-05 22:14:13','2025-04-05 22:14:13',0),(19,25,1,1,1,'2025-04-05 22:14:13','2025-04-05 22:14:13',0),(20,26,1,1,1,'2025-04-05 22:14:13','2025-04-05 22:14:13',0),(21,27,1,1,1,'2025-04-05 22:14:13','2025-04-05 22:14:13',0),(22,28,1,1,1,'2025-04-05 22:14:13','2025-04-05 22:14:13',0),(23,29,1,1,1,'2025-04-05 22:14:13','2025-04-05 22:14:13',0),(24,30,1,1,1,'2025-04-05 22:14:13','2025-04-05 22:14:13',0);
/*!40000 ALTER TABLE `enrollments` ENABLE KEYS */;
UNLOCK TABLES;

--
-- Table structure for table `grades`
--

DROP TABLE IF EXISTS `grades`;
/*!40101 SET @saved_cs_client     = @@character_set_client */;
/*!50503 SET character_set_client = utf8mb4 */;
CREATE TABLE `grades` (
  `id` int NOT NULL AUTO_INCREMENT,
  `student_id` int DEFAULT NULL,
  `tp_course_id` int DEFAULT NULL,
  `final_grade` float NOT NULL,
  `final_gpa` float NOT NULL,
  `feedback` text,
  `create_time` datetime DEFAULT NULL,
  `update_time` datetime DEFAULT NULL,
  `is_deleted` tinyint(1) NOT NULL,
  PRIMARY KEY (`id`),
  KEY `student_id` (`student_id`),
  KEY `tp_course_id` (`tp_course_id`),
  CONSTRAINT `grades_ibfk_1` FOREIGN KEY (`student_id`) REFERENCES `users` (`id`),
  CONSTRAINT `grades_ibfk_2` FOREIGN KEY (`tp_course_id`) REFERENCES `term_program_courses` (`id`)
) ENGINE=InnoDB AUTO_INCREMENT=171 DEFAULT CHARSET=utf8mb4 COLLATE=utf8mb4_0900_ai_ci;
/*!40101 SET character_set_client = @saved_cs_client */;

--
-- Dumping data for table `grades`
--

LOCK TABLES `grades` WRITE;
/*!40000 ALTER TABLE `grades` DISABLE KEYS */;
INSERT INTO `grades` VALUES (1,2,1,10,0,NULL,'2025-04-05 22:14:13','2025-04-05 22:14:13',0),(2,2,2,11,0,NULL,'2025-04-05 22:14:13','2025-04-05 22:14:13',0),(3,2,3,12,0,NULL,'2025-04-05 22:14:13','2025-04-05 22:14:13',0),(4,2,4,13,0,NULL,'2025-04-05 22:14:13','2025-04-05 22:14:13',0),(5,2,5,14,0,NULL,'2025-04-05 22:14:13','2025-04-05 22:14:13',0),(6,3,1,30,0,NULL,'2025-04-05 22:14:13','2025-04-05 22:14:13',0),(7,3,2,31,0,NULL,'2025-04-05 22:14:13','2025-04-05 22:14:13',0),(8,3,3,32,0,NULL,'2025-04-05 22:14:13','2025-04-05 22:14:13',0),(9,3,4,33,0,NULL,'2025-04-05 22:14:13','2025-04-05 22:14:13',0),(10,3,5,34,0,NULL,'2025-04-05 22:14:13','2025-04-05 22:14:13',0),(11,4,1,20,0,NULL,'2025-04-05 22:14:13','2025-04-05 22:14:13',0),(12,4,2,21,0,NULL,'2025-04-05 22:14:13','2025-04-05 22:14:13',0),(13,4,3,22,0,NULL,'2025-04-05 22:14:13','2025-04-05 22:14:13',0),(14,4,4,23,0,NULL,'2025-04-05 22:14:13','2025-04-05 22:14:13',0),(15,4,5,24,0,NULL,'2025-04-05 22:14:13','2025-04-05 22:14:13',0),(16,5,1,40,0,NULL,'2025-04-05 22:14:13','2025-04-05 22:14:13',0),(17,5,2,21,0,NULL,'2025-04-05 22:14:13','2025-04-05 22:14:13',0),(18,5,3,22,0,NULL,'2025-04-05 22:14:13','2025-04-05 22:14:13',0),(19,5,4,23,0,NULL,'2025-04-05 22:14:13','2025-04-05 22:14:13',0),(20,5,5,24,0,NULL,'2025-04-05 22:14:13','2025-04-05 22:14:13',0),(21,11,1,10,0,NULL,'2025-04-05 22:14:13','2025-04-05 22:14:13',0),(22,11,2,11,0,NULL,'2025-04-05 22:14:13','2025-04-05 22:14:13',0),(23,11,3,12,0,NULL,'2025-04-05 22:14:13','2025-04-05 22:14:13',0),(24,11,4,13,0,NULL,'2025-04-05 22:14:13','2025-04-05 22:14:13',0),(25,11,5,14,0,NULL,'2025-04-05 22:14:13','2025-04-05 22:14:13',0),(26,12,1,30,0,NULL,'2025-04-05 22:14:13','2025-04-05 22:14:13',0),(27,12,2,31,0,NULL,'2025-04-05 22:14:13','2025-04-05 22:14:13',0),(28,12,3,32,0,NULL,'2025-04-05 22:14:13','2025-04-05 22:14:13',0),(29,12,4,33,0,NULL,'2025-04-05 22:14:13','2025-04-05 22:14:13',0),(30,12,5,34,0,NULL,'2025-04-05 22:14:13','2025-04-05 22:14:13',0),(31,13,1,20,0,NULL,'2025-04-05 22:14:13','2025-04-05 22:14:13',0),(32,13,2,21,0,NULL,'2025-04-05 22:14:13','2025-04-05 22:14:13',0),(33,13,3,22,0,NULL,'2025-04-05 22:14:13','2025-04-05 22:14:13',0),(34,13,4,23,0,NULL,'2025-04-05 22:14:13','2025-04-05 22:14:13',0),(35,13,5,24,0,NULL,'2025-04-05 22:14:13','2025-04-05 22:14:13',0),(36,14,1,40,0,NULL,'2025-04-05 22:14:13','2025-04-05 22:14:13',0),(37,14,2,21,0,NULL,'2025-04-05 22:14:13','2025-04-05 22:14:13',0),(38,14,3,22,0,NULL,'2025-04-05 22:14:13','2025-04-05 22:14:13',0),(39,14,4,23,0,NULL,'2025-04-05 22:14:13','2025-04-05 22:14:13',0),(40,14,5,24,0,NULL,'2025-04-05 22:14:13','2025-04-05 22:14:13',0),(41,15,1,10,0,NULL,'2025-04-05 22:14:13','2025-04-05 22:14:13',0),(42,15,2,11,0,NULL,'2025-04-05 22:14:13','2025-04-05 22:14:13',0),(43,15,3,12,0,NULL,'2025-04-05 22:14:13','2025-04-05 22:14:13',0),(44,15,4,13,0,NULL,'2025-04-05 22:14:13','2025-04-05 22:14:13',0),(45,15,5,14,0,NULL,'2025-04-05 22:14:13','2025-04-05 22:14:13',0),(46,16,1,30,0,NULL,'2025-04-05 22:14:13','2025-04-05 22:14:13',0),(47,16,2,31,0,NULL,'2025-04-05 22:14:13','2025-04-05 22:14:13',0),(48,16,3,32,0,NULL,'2025-04-05 22:14:13','2025-04-05 22:14:13',0),(49,16,4,33,0,NULL,'2025-04-05 22:14:13','2025-04-05 22:14:13',0),(50,16,5,34,0,NULL,'2025-04-05 22:14:13','2025-04-05 22:14:13',0),(51,17,1,20,0,NULL,'2025-04-05 22:14:13','2025-04-05 22:14:13',0),(52,17,2,21,0,NULL,'2025-04-05 22:14:13','2025-04-05 22:14:13',0),(53,17,3,22,0,NULL,'2025-04-05 22:14:13','2025-04-05 22:14:13',0),(54,17,4,23,0,NULL,'2025-04-05 22:14:13','2025-04-05 22:14:13',0),(55,17,5,24,0,NULL,'2025-04-05 22:14:13','2025-04-05 22:14:13',0),(56,18,1,40,0,NULL,'2025-04-05 22:14:13','2025-04-05 22:14:13',0),(57,18,2,21,0,NULL,'2025-04-05 22:14:13','2025-04-05 22:14:13',0),(58,18,3,22,0,NULL,'2025-04-05 22:14:13','2025-04-05 22:14:13',0),(59,18,4,23,0,NULL,'2025-04-05 22:14:13','2025-04-05 22:14:13',0),(60,18,5,24,0,NULL,'2025-04-05 22:14:13','2025-04-05 22:14:13',0),(61,19,1,10,0,NULL,'2025-04-05 22:14:13','2025-04-05 22:14:13',0),(62,19,2,11,0,NULL,'2025-04-05 22:14:13','2025-04-05 22:14:13',0),(63,19,3,12,0,NULL,'2025-04-05 22:14:13','2025-04-05 22:14:13',0),(64,19,4,13,0,NULL,'2025-04-05 22:14:13','2025-04-05 22:14:13',0),(65,19,5,14,0,NULL,'2025-04-05 22:14:13','2025-04-05 22:14:13',0),(66,20,1,30,0,NULL,'2025-04-05 22:14:13','2025-04-05 22:14:13',0),(67,20,2,31,0,NULL,'2025-04-05 22:14:13','2025-04-05 22:14:13',0),(68,20,3,32,0,NULL,'2025-04-05 22:14:13','2025-04-05 22:14:13',0),(69,20,4,33,0,NULL,'2025-04-05 22:14:13','2025-04-05 22:14:13',0),(70,20,5,34,0,NULL,'2025-04-05 22:14:13','2025-04-05 22:14:13',0),(71,21,6,10,0,NULL,'2025-04-05 22:14:13','2025-04-05 22:14:13',0),(72,21,7,11,0,NULL,'2025-04-05 22:14:13','2025-04-05 22:14:13',0),(73,21,8,12,0,NULL,'2025-04-05 22:14:13','2025-04-05 22:14:13',0),(74,21,9,13,0,NULL,'2025-04-05 22:14:13','2025-04-05 22:14:13',0),(75,21,10,14,0,NULL,'2025-04-05 22:14:13','2025-04-05 22:14:13',0),(76,22,6,30,0,NULL,'2025-04-05 22:14:13','2025-04-05 22:14:13',0),(77,22,7,31,0,NULL,'2025-04-05 22:14:13','2025-04-05 22:14:13',0),(78,22,8,32,0,NULL,'2025-04-05 22:14:13','2025-04-05 22:14:13',0),(79,22,9,33,0,NULL,'2025-04-05 22:14:13','2025-04-05 22:14:13',0),(80,22,10,34,0,NULL,'2025-04-05 22:14:13','2025-04-05 22:14:13',0),(81,23,6,20,0,NULL,'2025-04-05 22:14:13','2025-04-05 22:14:13',0),(82,23,7,21,0,NULL,'2025-04-05 22:14:13','2025-04-05 22:14:13',0),(83,23,8,22,0,NULL,'2025-04-05 22:14:13','2025-04-05 22:14:13',0),(84,23,9,23,0,NULL,'2025-04-05 22:14:13','2025-04-05 22:14:13',0),(85,23,10,24,0,NULL,'2025-04-05 22:14:13','2025-04-05 22:14:13',0),(86,24,6,40,0,NULL,'2025-04-05 22:14:13','2025-04-05 22:14:13',0),(87,24,7,21,0,NULL,'2025-04-05 22:14:13','2025-04-05 22:14:13',0),(88,24,8,22,0,NULL,'2025-04-05 22:14:13','2025-04-05 22:14:13',0),(89,24,9,23,0,NULL,'2025-04-05 22:14:13','2025-04-05 22:14:13',0),(90,24,10,24,0,NULL,'2025-04-05 22:14:13','2025-04-05 22:14:13',0),(91,25,6,10,0,NULL,'2025-04-05 22:14:13','2025-04-05 22:14:13',0),(92,25,7,11,0,NULL,'2025-04-05 22:14:13','2025-04-05 22:14:13',0),(93,25,8,12,0,NULL,'2025-04-05 22:14:13','2025-04-05 22:14:13',0),(94,25,9,13,0,NULL,'2025-04-05 22:14:13','2025-04-05 22:14:13',0),(95,25,10,14,0,NULL,'2025-04-05 22:14:13','2025-04-05 22:14:13',0),(96,26,6,30,0,NULL,'2025-04-05 22:14:13','2025-04-05 22:14:13',0),(97,26,7,31,0,NULL,'2025-04-05 22:14:13','2025-04-05 22:14:13',0),(98,26,8,32,0,NULL,'2025-04-05 22:14:13','2025-04-05 22:14:13',0),(99,26,9,33,0,NULL,'2025-04-05 22:14:13','2025-04-05 22:14:13',0),(100,26,10,34,0,NULL,'2025-04-05 22:14:13','2025-04-05 22:14:13',0),(101,27,6,20,0,NULL,'2025-04-05 22:14:13','2025-04-05 22:14:13',0),(102,27,7,21,0,NULL,'2025-04-05 22:14:13','2025-04-05 22:14:13',0),(103,27,8,22,0,NULL,'2025-04-05 22:14:13','2025-04-05 22:14:13',0),(104,27,9,23,0,NULL,'2025-04-05 22:14:13','2025-04-05 22:14:13',0),(105,27,10,24,0,NULL,'2025-04-05 22:14:13','2025-04-05 22:14:13',0),(106,28,6,40,0,NULL,'2025-04-05 22:14:13','2025-04-05 22:14:13',0),(107,28,7,21,0,NULL,'2025-04-05 22:14:13','2025-04-05 22:14:13',0),(108,28,8,22,0,NULL,'2025-04-05 22:14:13','2025-04-05 22:14:13',0),(109,28,9,23,0,NULL,'2025-04-05 22:14:13','2025-04-05 22:14:13',0),(110,28,10,24,0,NULL,'2025-04-05 22:14:13','2025-04-05 22:14:13',0),(111,29,6,10,0,NULL,'2025-04-05 22:14:13','2025-04-05 22:14:13',0),(112,29,7,11,0,NULL,'2025-04-05 22:14:13','2025-04-05 22:14:13',0),(113,29,8,12,0,NULL,'2025-04-05 22:14:13','2025-04-05 22:14:13',0),(114,29,9,13,0,NULL,'2025-04-05 22:14:13','2025-04-05 22:14:13',0),(115,29,10,14,0,NULL,'2025-04-05 22:14:13','2025-04-05 22:14:13',0),(116,30,6,30,0,NULL,'2025-04-05 22:14:13','2025-04-05 22:14:13',0),(117,30,7,31,0,NULL,'2025-04-05 22:14:13','2025-04-05 22:14:13',0),(118,30,8,32,0,NULL,'2025-04-05 22:14:13','2025-04-05 22:14:13',0),(119,30,9,33,0,NULL,'2025-04-05 22:14:13','2025-04-05 22:14:13',0),(120,30,10,34,0,NULL,'2025-04-05 22:14:13','2025-04-05 22:14:13',0),(121,21,11,82,3.25,NULL,'2025-04-05 22:14:13','2025-04-05 22:14:13',0),(122,21,12,70.5,3,NULL,'2025-04-05 22:14:13','2025-04-05 22:14:13',0),(123,21,13,90,3.75,NULL,'2025-04-05 22:14:13','2025-04-05 22:14:13',0),(124,21,14,77.2,3.1,NULL,'2025-04-05 22:14:13','2025-04-05 22:14:13',0),(125,21,15,88.5,3.6,NULL,'2025-04-05 22:14:13','2025-04-05 22:14:13',0),(126,22,11,74.3,3.2,NULL,'2025-04-05 22:14:13','2025-04-05 22:14:13',0),(127,22,12,89.5,3.7,NULL,'2025-04-05 22:14:13','2025-04-05 22:14:13',0),(128,22,13,72.6,3.05,NULL,'2025-04-05 22:14:13','2025-04-05 22:14:13',0),(129,22,14,91.8,3.8,NULL,'2025-04-05 22:14:13','2025-04-05 22:14:13',0),(130,22,15,84.1,3.45,NULL,'2025-04-05 22:14:13','2025-04-05 22:14:13',0),(131,23,11,66.9,2.9,NULL,'2025-04-05 22:14:13','2025-04-05 22:14:13',0),(132,23,12,95.4,3.9,NULL,'2025-04-05 22:14:13','2025-04-05 22:14:13',0),(133,23,13,78.7,3.25,NULL,'2025-04-05 22:14:13','2025-04-05 22:14:13',0),(134,23,14,84.3,3.5,NULL,'2025-04-05 22:14:14','2025-04-05 22:14:14',0),(135,23,15,80,3.35,NULL,'2025-04-05 22:14:14','2025-04-05 22:14:14',0),(136,24,11,68.2,3,NULL,'2025-04-05 22:14:14','2025-04-05 22:14:14',0),(137,24,12,83.9,3.4,NULL,'2025-04-05 22:14:14','2025-04-05 22:14:14',0),(138,24,13,92.7,3.85,NULL,'2025-04-05 22:14:14','2025-04-05 22:14:14',0),(139,24,14,75.4,3.15,NULL,'2025-04-05 22:14:14','2025-04-05 22:14:14',0),(140,24,15,79.8,3.3,NULL,'2025-04-05 22:14:14','2025-04-05 22:14:14',0),(141,25,11,87.6,3.55,NULL,'2025-04-05 22:14:14','2025-04-05 22:14:14',0),(142,25,12,72.8,3.1,NULL,'2025-04-05 22:14:14','2025-04-05 22:14:14',0),(143,25,13,66.5,2.95,NULL,'2025-04-05 22:14:14','2025-04-05 22:14:14',0),(144,25,14,94.2,3.85,NULL,'2025-04-05 22:14:14','2025-04-05 22:14:14',0),(145,25,15,82.4,3.25,NULL,'2025-04-05 22:14:14','2025-04-05 22:14:14',0),(146,26,11,76.1,3.2,NULL,'2025-04-05 22:14:14','2025-04-05 22:14:14',0),(147,26,12,97.3,3.95,NULL,'2025-04-05 22:14:14','2025-04-05 22:14:14',0),(148,26,13,74,3.15,NULL,'2025-04-05 22:14:14','2025-04-05 22:14:14',0),(149,26,14,69.3,3,NULL,'2025-04-05 22:14:14','2025-04-05 22:14:14',0),(150,26,15,90.8,3.75,NULL,'2025-04-05 22:14:14','2025-04-05 22:14:14',0),(151,27,11,78.2,3.3,NULL,'2025-04-05 22:14:14','2025-04-05 22:14:14',0),(152,27,12,81.4,3.45,NULL,'2025-04-05 22:14:14','2025-04-05 22:14:14',0),(153,27,13,95,3.85,NULL,'2025-04-05 22:14:14','2025-04-05 22:14:14',0),(154,27,14,66.8,3.05,NULL,'2025-04-05 22:14:14','2025-04-05 22:14:14',0),(155,27,15,84.9,3.5,NULL,'2025-04-05 22:14:14','2025-04-05 22:14:14',0),(156,28,11,88.3,3.6,NULL,'2025-04-05 22:14:14','2025-04-05 22:14:14',0),(157,28,12,79.7,3.25,NULL,'2025-04-05 22:14:14','2025-04-05 22:14:14',0),(158,28,13,71.5,3.05,NULL,'2025-04-05 22:14:14','2025-04-05 22:14:14',0),(159,28,14,97,3.9,NULL,'2025-04-05 22:14:14','2025-04-05 22:14:14',0),(160,28,15,85.6,3.45,NULL,'2025-04-05 22:14:14','2025-04-05 22:14:14',0),(161,29,11,81.2,3.4,NULL,'2025-04-05 22:14:14','2025-04-05 22:14:14',0),(162,29,12,93.6,3.8,NULL,'2025-04-05 22:14:14','2025-04-05 22:14:14',0),(163,29,13,68.4,3,NULL,'2025-04-05 22:14:14','2025-04-05 22:14:14',0),(164,29,14,77.9,3.15,NULL,'2025-04-05 22:14:14','2025-04-05 22:14:14',0),(165,29,15,90.2,3.75,NULL,'2025-04-05 22:14:14','2025-04-05 22:14:14',0),(166,30,11,79,3.25,NULL,'2025-04-05 22:14:14','2025-04-05 22:14:14',0),(167,30,12,66.7,2.95,NULL,'2025-04-05 22:14:14','2025-04-05 22:14:14',0),(168,30,13,85.1,3.5,NULL,'2025-04-05 22:14:14','2025-04-05 22:14:14',0),(169,30,14,88.8,3.6,NULL,'2025-04-05 22:14:14','2025-04-05 22:14:14',0),(170,30,15,73.3,3.1,NULL,'2025-04-05 22:14:14','2025-04-05 22:14:14',0);
/*!40000 ALTER TABLE `grades` ENABLE KEYS */;
UNLOCK TABLES;

--
-- Table structure for table `performance_predictions`
--

DROP TABLE IF EXISTS `performance_predictions`;
/*!40101 SET @saved_cs_client     = @@character_set_client */;
/*!50503 SET character_set_client = utf8mb4 */;
CREATE TABLE `performance_predictions` (
  `id` int NOT NULL AUTO_INCREMENT,
  `student_id` int DEFAULT NULL,
  `term_id` int DEFAULT NULL,
  `predicted_gpa` decimal(3,2) NOT NULL,
  `predicted_average` decimal(5,2) NOT NULL,
  `prediction_date` datetime DEFAULT NULL,
  `create_time` datetime DEFAULT NULL,
  `update_time` datetime DEFAULT NULL,
  `is_deleted` tinyint(1) NOT NULL,
  PRIMARY KEY (`id`),
  UNIQUE KEY `uq_student_term_prediction` (`student_id`,`term_id`),
  KEY `term_id` (`term_id`),
  CONSTRAINT `performance_predictions_ibfk_1` FOREIGN KEY (`student_id`) REFERENCES `users` (`id`),
  CONSTRAINT `performance_predictions_ibfk_2` FOREIGN KEY (`term_id`) REFERENCES `terms` (`id`)
) ENGINE=InnoDB AUTO_INCREMENT=25 DEFAULT CHARSET=utf8mb4 COLLATE=utf8mb4_0900_ai_ci;
/*!40101 SET character_set_client = @saved_cs_client */;

--
-- Dumping data for table `performance_predictions`
--

LOCK TABLES `performance_predictions` WRITE;
/*!40000 ALTER TABLE `performance_predictions` DISABLE KEYS */;
INSERT INTO `performance_predictions` VALUES (1,2,1,3.90,85.86,'2025-04-05 22:14:23','2025-04-05 22:14:23','2025-04-05 22:14:23',0),(2,3,1,3.96,89.44,'2025-04-05 22:14:23','2025-04-05 22:14:23','2025-04-05 22:14:23',0),(3,4,1,3.86,86.62,'2025-04-05 22:14:23','2025-04-05 22:14:23','2025-04-05 22:14:23',0),(4,5,1,3.85,85.52,'2025-04-05 22:14:23','2025-04-05 22:14:23','2025-04-05 22:14:23',0),(5,11,1,3.85,85.69,'2025-04-05 22:14:23','2025-04-05 22:14:23','2025-04-05 22:14:23',0),(6,12,1,3.90,87.72,'2025-04-05 22:14:23','2025-04-05 22:14:23','2025-04-05 22:14:23',0),(7,13,1,3.90,86.09,'2025-04-05 22:14:23','2025-04-05 22:14:23','2025-04-05 22:14:23',0),(8,14,1,3.93,87.33,'2025-04-05 22:14:23','2025-04-05 22:14:23','2025-04-05 22:14:23',0),(9,15,1,3.86,86.69,'2025-04-05 22:14:23','2025-04-05 22:14:23','2025-04-05 22:14:23',0),(10,16,1,3.85,85.58,'2025-04-05 22:14:23','2025-04-05 22:14:23','2025-04-05 22:14:23',0),(11,17,1,3.95,88.75,'2025-04-05 22:14:23','2025-04-05 22:14:23','2025-04-05 22:14:23',0),(12,18,1,3.85,85.52,'2025-04-05 22:14:23','2025-04-05 22:14:23','2025-04-05 22:14:23',0),(13,19,1,3.85,86.02,'2025-04-05 22:14:23','2025-04-05 22:14:23','2025-04-05 22:14:23',0),(14,20,1,3.94,88.84,'2025-04-05 22:14:23','2025-04-05 22:14:23','2025-04-05 22:14:23',0),(15,21,1,3.90,89.06,'2025-04-05 22:14:23','2025-04-05 22:14:23','2025-04-05 22:14:23',0),(16,22,1,3.97,90.07,'2025-04-05 22:14:23','2025-04-05 22:14:23','2025-04-05 22:14:23',0),(17,23,1,3.87,88.49,'2025-04-05 22:14:23','2025-04-05 22:14:23','2025-04-05 22:14:23',0),(18,24,1,3.91,89.23,'2025-04-05 22:14:23','2025-04-05 22:14:23','2025-04-05 22:14:23',0),(19,25,1,3.87,88.51,'2025-04-05 22:14:23','2025-04-05 22:14:23','2025-04-05 22:14:23',0),(20,26,1,3.90,89.03,'2025-04-05 22:14:23','2025-04-05 22:14:23','2025-04-05 22:14:23',0),(21,27,1,3.91,89.39,'2025-04-05 22:14:23','2025-04-05 22:14:23','2025-04-05 22:14:23',0),(22,28,1,3.87,88.21,'2025-04-05 22:14:23','2025-04-05 22:14:23','2025-04-05 22:14:23',0),(23,29,1,3.93,89.19,'2025-04-05 22:14:23','2025-04-05 22:14:23','2025-04-05 22:14:23',0),(24,30,1,3.87,88.80,'2025-04-05 22:14:23','2025-04-05 22:14:23','2025-04-05 22:14:23',0);
/*!40000 ALTER TABLE `performance_predictions` ENABLE KEYS */;
UNLOCK TABLES;

--
-- Table structure for table `programs`
--

DROP TABLE IF EXISTS `programs`;
/*!40101 SET @saved_cs_client     = @@character_set_client */;
/*!50503 SET character_set_client = utf8mb4 */;
CREATE TABLE `programs` (
  `id` int NOT NULL AUTO_INCREMENT,
  `code` varchar(10) NOT NULL,
  `name` varchar(128) NOT NULL,
  `description` text,
  `co_op` tinyint(1) DEFAULT NULL,
  `create_time` datetime DEFAULT NULL,
  `update_time` datetime DEFAULT NULL,
  `is_deleted` tinyint(1) NOT NULL,
  PRIMARY KEY (`id`),
  UNIQUE KEY `code` (`code`),
  UNIQUE KEY `name` (`name`)
) ENGINE=InnoDB AUTO_INCREMENT=2 DEFAULT CHARSET=utf8mb4 COLLATE=utf8mb4_0900_ai_ci;
/*!40101 SET character_set_client = @saved_cs_client */;

--
-- Dumping data for table `programs`
--

LOCK TABLES `programs` WRITE;
/*!40000 ALTER TABLE `programs` DISABLE KEYS */;
INSERT INTO `programs` VALUES (1,'1448','Big Data Solution Architecture',NULL,1,'2025-04-05 22:14:13','2025-04-05 22:14:13',0);
/*!40000 ALTER TABLE `programs` ENABLE KEYS */;
UNLOCK TABLES;

--
-- Table structure for table `students_archive`
--

DROP TABLE IF EXISTS `students_archive`;
/*!40101 SET @saved_cs_client     = @@character_set_client */;
/*!50503 SET character_set_client = utf8mb4 */;
CREATE TABLE `students_archive` (
  `id` int NOT NULL AUTO_INCREMENT,
  `student_email` varchar(128) NOT NULL,
  `student_first_name` varchar(128) NOT NULL,
  `student_last_name` varchar(128) NOT NULL,
  `program_id` int NOT NULL,
  `cgpa` decimal(3,2) NOT NULL,
  `graduation_date` date NOT NULL,
  `career` varchar(300) NOT NULL,
  `archived_date` datetime NOT NULL,
  `create_time` datetime DEFAULT NULL,
  `update_time` datetime DEFAULT NULL,
  `is_deleted` tinyint(1) NOT NULL,
  PRIMARY KEY (`id`),
  KEY `program_id` (`program_id`),
  CONSTRAINT `students_archive_ibfk_1` FOREIGN KEY (`program_id`) REFERENCES `programs` (`id`)
) ENGINE=InnoDB AUTO_INCREMENT=31 DEFAULT CHARSET=utf8mb4 COLLATE=utf8mb4_0900_ai_ci;
/*!40101 SET character_set_client = @saved_cs_client */;

--
-- Dumping data for table `students_archive`
--

LOCK TABLES `students_archive` WRITE;
/*!40000 ALTER TABLE `students_archive` DISABLE KEYS */;
INSERT INTO `students_archive` VALUES (1,'jdoe@conestogac.on.ca','John','Doe',1,3.52,'2025-05-01','Others','2025-04-05 22:14:14','2025-04-05 22:14:14','2025-04-05 22:14:14',0),(2,'asmith@conestogac.on.ca','Alice','Smith',1,3.86,'2025-05-01','Data Scientist','2025-04-05 22:14:14','2025-04-05 22:14:14','2025-04-05 22:14:14',0),(3,'bwilson@conestogac.on.ca','Brian','Wilson',1,3.76,'2025-05-01','Database Analyst','2025-04-05 22:14:14','2025-04-05 22:14:14','2025-04-05 22:14:14',0),(4,'slee@conestogac.on.ca','Sophia','Lee',1,3.45,'2025-05-01','Others','2025-04-05 22:14:14','2025-04-05 22:14:14','2025-04-05 22:14:14',0),(5,'mjohnson@conestogac.on.ca','Michael','Johnson',1,3.92,'2025-05-01','Software Engineer','2025-04-05 22:14:14','2025-04-05 22:14:14','2025-04-05 22:14:14',0),(6,'dwhite@conestogac.on.ca','David','White',1,3.60,'2025-05-01','Others','2025-04-05 22:14:14','2025-04-05 22:14:14','2025-04-05 22:14:14',0),(7,'elara@conestogac.on.ca','Emma','Lara',1,3.78,'2025-05-01','Big Data Engineer','2025-04-05 22:14:14','2025-04-05 22:14:14','2025-04-05 22:14:14',0),(8,'wroberts@conestogac.on.ca','William','Roberts',1,3.65,'2025-05-01','Database Administrator','2025-04-05 22:14:14','2025-04-05 22:14:14','2025-04-05 22:14:14',0),(9,'tjones@conestogac.on.ca','Thomas','Jones',1,3.88,'2025-05-01','Data Engineer','2025-04-05 22:14:14','2025-04-05 22:14:14','2025-04-05 22:14:14',0),(10,'rclark@conestogac.on.ca','Rachel','Clark',1,3.50,'2025-05-01','Others','2025-04-05 22:14:14','2025-04-05 22:14:14','2025-04-05 22:14:14',0),(11,'nmartin@conestogac.on.ca','Nathan','Martin',1,3.74,'2025-05-01','Business Intelligence Analyst','2025-04-05 22:14:14','2025-04-05 22:14:14','2025-04-05 22:14:14',0),(12,'lcarter@conestogac.on.ca','Lucas','Carter',1,3.81,'2025-05-01','Cloud Data Engineer','2025-04-05 22:14:14','2025-04-05 22:14:14','2025-04-05 22:14:14',0),(13,'kgarcia@conestogac.on.ca','Karen','Garcia',1,3.70,'2025-05-01','Others','2025-04-05 22:14:14','2025-04-05 22:14:14','2025-04-05 22:14:14',0),(14,'mthompson@conestogac.on.ca','Mason','Thompson',1,3.55,'2025-05-01','Others','2025-04-05 22:14:14','2025-04-05 22:14:14','2025-04-05 22:14:14',0),(15,'jhernandez@conestogac.on.ca','Jessica','Hernandez',1,3.89,'2025-05-01','Software Engineer','2025-04-05 22:14:14','2025-04-05 22:14:14','2025-04-05 22:14:14',0),(16,'smoore@conestogac.on.ca','Samuel','Moore',1,3.64,'2025-05-01','Others','2025-04-05 22:14:14','2025-04-05 22:14:14','2025-04-05 22:14:14',0),(17,'hbrown@conestogac.on.ca','Hannah','Brown',1,3.80,'2025-05-01','Data Analyst','2025-04-05 22:14:14','2025-04-05 22:14:14','2025-04-05 22:14:14',0),(18,'owilson@conestogac.on.ca','Oliver','Wilson',1,3.47,'2025-05-01','Others','2025-04-05 22:14:14','2025-04-05 22:14:14','2025-04-05 22:14:14',0),(19,'cphillips@conestogac.on.ca','Catherine','Phillips',1,3.91,'2025-05-01','Data Architect','2025-04-05 22:14:14','2025-04-05 22:14:14','2025-04-05 22:14:14',0),(20,'mpatel@conestogac.on.ca','Mohan','Patel',1,3.75,'2025-05-01','Others','2025-04-05 22:14:14','2025-04-05 22:14:14','2025-04-05 22:14:14',0),(21,'aevans@conestogac.on.ca','Amelia','Evans',1,3.68,'2025-05-01','Others','2025-04-05 22:14:14','2025-04-05 22:14:14','2025-04-05 22:14:14',0),(22,'bwright@conestogac.on.ca','Benjamin','Wright',1,3.72,'2025-05-01','ETL Developer','2025-04-05 22:14:14','2025-04-05 22:14:14','2025-04-05 22:14:14',0),(23,'cscott@conestogac.on.ca','Charlotte','Scott',1,3.79,'2025-05-01','Data Engineer','2025-04-05 22:14:14','2025-04-05 22:14:14','2025-04-05 22:14:14',0),(24,'ddavis@conestogac.on.ca','Daniel','Davis',1,3.83,'2025-05-01','Cloud Data Engineer','2025-04-05 22:14:14','2025-04-05 22:14:14','2025-04-05 22:14:14',0),(25,'eanderson@conestogac.on.ca','Ethan','Anderson',1,3.56,'2025-05-01','Others','2025-04-05 22:14:14','2025-04-05 22:14:14','2025-04-05 22:14:14',0),(26,'fmitchell@conestogac.on.ca','Faith','Mitchell',1,3.67,'2025-05-01','Others','2025-04-05 22:14:14','2025-04-05 22:14:14','2025-04-05 22:14:14',0),(27,'gjackson@conestogac.on.ca','Gabriel','Jackson',1,3.91,'2025-05-01','Software Engineer','2025-04-05 22:14:14','2025-04-05 22:14:14','2025-04-05 22:14:14',0),(28,'hrodriguez@conestogac.on.ca','Henry','Rodriguez',1,3.54,'2025-05-01','Others','2025-04-05 22:14:14','2025-04-05 22:14:14','2025-04-05 22:14:14',0),(29,'isanders@conestogac.on.ca','Isla','Sanders',1,3.75,'2025-05-01','Data Analyst','2025-04-05 22:14:14','2025-04-05 22:14:14','2025-04-05 22:14:14',0),(30,'jgreen@conestogac.on.ca','James','Green',1,3.85,'2025-05-01','Software Engineer','2025-04-05 22:14:14','2025-04-05 22:14:14','2025-04-05 22:14:14',0);
/*!40000 ALTER TABLE `students_archive` ENABLE KEYS */;
UNLOCK TABLES;

--
-- Table structure for table `students_grades_archive`
--

DROP TABLE IF EXISTS `students_grades_archive`;
/*!40101 SET @saved_cs_client     = @@character_set_client */;
/*!50503 SET character_set_client = utf8mb4 */;
CREATE TABLE `students_grades_archive` (
  `id` int NOT NULL AUTO_INCREMENT,
  `archive_id` int NOT NULL,
  `tp_course_id` int NOT NULL,
  `grade` float NOT NULL,
  `gpa` float NOT NULL,
  `attendance_percent` decimal(5,2) NOT NULL,
  `create_time` datetime DEFAULT NULL,
  `update_time` datetime DEFAULT NULL,
  `is_deleted` tinyint(1) NOT NULL,
  PRIMARY KEY (`id`),
  KEY `archive_id` (`archive_id`),
  KEY `tp_course_id` (`tp_course_id`),
  CONSTRAINT `students_grades_archive_ibfk_1` FOREIGN KEY (`archive_id`) REFERENCES `students_archive` (`id`),
  CONSTRAINT `students_grades_archive_ibfk_2` FOREIGN KEY (`tp_course_id`) REFERENCES `term_program_courses` (`id`)
) ENGINE=InnoDB AUTO_INCREMENT=201 DEFAULT CHARSET=utf8mb4 COLLATE=utf8mb4_0900_ai_ci;
/*!40101 SET character_set_client = @saved_cs_client */;

--
-- Dumping data for table `students_grades_archive`
--

LOCK TABLES `students_grades_archive` WRITE;
/*!40000 ALTER TABLE `students_grades_archive` DISABLE KEYS */;
INSERT INTO `students_grades_archive` VALUES (1,1,16,85,3.72,92.50,'2025-04-05 22:14:14','2025-04-05 22:14:14',0),(2,1,17,87,3.33,88.00,'2025-04-05 22:14:14','2025-04-05 22:14:14',0),(3,1,18,90.5,3.52,91.00,'2025-04-05 22:14:14','2025-04-05 22:14:14',0),(4,1,19,88,3.75,89.50,'2025-04-05 22:14:14','2025-04-05 22:14:14',0),(5,1,20,91,3.85,94.00,'2025-04-05 22:14:14','2025-04-05 22:14:14',0),(6,2,16,86,3.7,93.00,'2025-04-05 22:14:14','2025-04-05 22:14:14',0),(7,2,17,88.5,3.4,89.00,'2025-04-05 22:14:14','2025-04-05 22:14:14',0),(8,2,18,89,3.55,90.50,'2025-04-05 22:14:14','2025-04-05 22:14:14',0),(9,2,19,87.5,3.78,88.50,'2025-04-05 22:14:14','2025-04-05 22:14:14',0),(10,2,20,90.5,3.8,95.00,'2025-04-05 22:14:14','2025-04-05 22:14:14',0),(11,3,16,84.5,3.68,92.00,'2025-04-05 22:14:14','2025-04-05 22:14:14',0),(12,3,17,86.5,3.38,87.50,'2025-04-05 22:14:14','2025-04-05 22:14:14',0),(13,3,18,91,3.5,90.00,'2025-04-05 22:14:14','2025-04-05 22:14:14',0),(14,3,19,89.5,3.74,89.00,'2025-04-05 22:14:14','2025-04-05 22:14:14',0),(15,3,20,92,3.82,94.50,'2025-04-05 22:14:14','2025-04-05 22:14:14',0),(16,4,16,85.5,3.69,91.50,'2025-04-05 22:14:14','2025-04-05 22:14:14',0),(17,4,17,87.2,3.35,88.20,'2025-04-05 22:14:14','2025-04-05 22:14:14',0),(18,4,18,89.8,3.54,90.80,'2025-04-05 22:14:14','2025-04-05 22:14:14',0),(19,4,19,88.3,3.76,89.20,'2025-04-05 22:14:14','2025-04-05 22:14:14',0),(20,4,20,90.8,3.81,94.20,'2025-04-05 22:14:14','2025-04-05 22:14:14',0),(21,5,16,86.3,3.71,92.80,'2025-04-05 22:14:14','2025-04-05 22:14:14',0),(22,5,17,88,3.39,87.80,'2025-04-05 22:14:14','2025-04-05 22:14:14',0),(23,5,18,91.2,3.57,91.00,'2025-04-05 22:14:14','2025-04-05 22:14:14',0),(24,5,19,89,3.79,90.20,'2025-04-05 22:14:14','2025-04-05 22:14:14',0),(25,5,20,92.5,3.83,95.00,'2025-04-05 22:14:14','2025-04-05 22:14:14',0),(26,6,16,84.8,3.67,90.50,'2025-04-05 22:14:14','2025-04-05 22:14:14',0),(27,6,17,86.8,3.36,86.50,'2025-04-05 22:14:14','2025-04-05 22:14:14',0),(28,6,18,90,3.53,89.80,'2025-04-05 22:14:14','2025-04-05 22:14:14',0),(29,6,19,88.7,3.77,88.90,'2025-04-05 22:14:14','2025-04-05 22:14:14',0),(30,6,20,91.5,3.79,94.80,'2025-04-05 22:14:14','2025-04-05 22:14:14',0),(31,7,16,85,3.7,91.00,'2025-04-05 22:14:14','2025-04-05 22:14:14',0),(32,7,17,87.5,3.37,87.30,'2025-04-05 22:14:14','2025-04-05 22:14:14',0),(33,7,18,89.2,3.55,90.20,'2025-04-05 22:14:14','2025-04-05 22:14:14',0),(34,7,19,88,3.75,89.00,'2025-04-05 22:14:14','2025-04-05 22:14:14',0),(35,7,20,90.2,3.82,94.50,'2025-04-05 22:14:14','2025-04-05 22:14:14',0),(36,8,16,86.2,3.72,92.30,'2025-04-05 22:14:14','2025-04-05 22:14:14',0),(37,8,17,88.3,3.4,88.50,'2025-04-05 22:14:14','2025-04-05 22:14:14',0),(38,8,18,90.5,3.56,91.20,'2025-04-05 22:14:14','2025-04-05 22:14:14',0),(39,8,19,89,3.78,90.00,'2025-04-05 22:14:14','2025-04-05 22:14:14',0),(40,8,20,92,3.85,95.30,'2025-04-05 22:14:14','2025-04-05 22:14:14',0),(41,9,16,85.8,3.68,91.80,'2025-04-05 22:14:14','2025-04-05 22:14:14',0),(42,9,17,87,3.34,87.00,'2025-04-05 22:14:14','2025-04-05 22:14:14',0),(43,9,18,89.5,3.52,90.50,'2025-04-05 22:14:14','2025-04-05 22:14:14',0),(44,9,19,88.2,3.74,88.70,'2025-04-05 22:14:14','2025-04-05 22:14:14',0),(45,9,20,91,3.8,94.10,'2025-04-05 22:14:14','2025-04-05 22:14:14',0),(46,10,16,86.5,3.73,92.60,'2025-04-05 22:14:14','2025-04-05 22:14:14',0),(47,10,17,88.5,3.42,89.00,'2025-04-05 22:14:14','2025-04-05 22:14:14',0),(48,10,18,90.8,3.58,91.50,'2025-04-05 22:14:14','2025-04-05 22:14:14',0),(49,10,19,89.3,3.79,90.80,'2025-04-05 22:14:14','2025-04-05 22:14:14',0),(50,10,20,92.3,3.87,95.50,'2025-04-05 22:14:14','2025-04-05 22:14:14',0),(51,1,21,87,3.7,93.00,'2025-04-05 22:14:14','2025-04-05 22:14:14',0),(52,1,22,89,3.75,94.50,'2025-04-05 22:14:14','2025-04-05 22:14:14',0),(53,1,23,90.5,3.8,95.00,'2025-04-05 22:14:14','2025-04-05 22:14:14',0),(54,1,24,88,3.72,92.00,'2025-04-05 22:14:14','2025-04-05 22:14:14',0),(55,1,25,91,3.85,96.00,'2025-04-05 22:14:14','2025-04-05 22:14:14',0),(56,2,21,85.5,3.68,91.50,'2025-04-05 22:14:14','2025-04-05 22:14:14',0),(57,2,22,87.8,3.72,93.00,'2025-04-05 22:14:14','2025-04-05 22:14:14',0),(58,2,23,89.2,3.78,94.20,'2025-04-05 22:14:14','2025-04-05 22:14:14',0),(59,2,24,88.3,3.74,92.80,'2025-04-05 22:14:14','2025-04-05 22:14:14',0),(60,2,25,90.7,3.82,95.50,'2025-04-05 22:14:14','2025-04-05 22:14:14',0),(61,3,21,86.2,3.7,92.50,'2025-04-05 22:14:14','2025-04-05 22:14:14',0),(62,3,22,88,3.74,93.80,'2025-04-05 22:14:14','2025-04-05 22:14:14',0),(63,3,23,90,3.79,95.00,'2025-04-05 22:14:14','2025-04-05 22:14:14',0),(64,3,24,87.5,3.71,91.80,'2025-04-05 22:14:14','2025-04-05 22:14:14',0),(65,3,25,91.3,3.84,96.20,'2025-04-05 22:14:14','2025-04-05 22:14:14',0),(66,4,21,85.8,3.67,91.80,'2025-04-05 22:14:14','2025-04-05 22:14:14',0),(67,4,22,87.5,3.71,92.50,'2025-04-05 22:14:14','2025-04-05 22:14:14',0),(68,4,23,89.3,3.76,94.00,'2025-04-05 22:14:14','2025-04-05 22:14:14',0),(69,4,24,88.2,3.73,92.30,'2025-04-05 22:14:14','2025-04-05 22:14:14',0),(70,4,25,90.9,3.81,95.80,'2025-04-05 22:14:14','2025-04-05 22:14:14',0),(71,5,21,86.5,3.69,92.20,'2025-04-05 22:14:14','2025-04-05 22:14:14',0),(72,5,22,88.2,3.73,93.60,'2025-04-05 22:14:14','2025-04-05 22:14:14',0),(73,5,23,89.9,3.77,94.50,'2025-04-05 22:14:14','2025-04-05 22:14:14',0),(74,5,24,87.8,3.72,91.90,'2025-04-05 22:14:14','2025-04-05 22:14:14',0),(75,5,25,91.5,3.83,96.50,'2025-04-05 22:14:14','2025-04-05 22:14:14',0),(76,6,21,86,3.68,92.00,'2025-04-05 22:14:14','2025-04-05 22:14:14',0),(77,6,22,88.5,3.74,93.50,'2025-04-05 22:14:14','2025-04-05 22:14:14',0),(78,6,23,90.2,3.79,94.80,'2025-04-05 22:14:14','2025-04-05 22:14:14',0),(79,6,24,87.9,3.72,92.50,'2025-04-05 22:14:14','2025-04-05 22:14:14',0),(80,6,25,91.1,3.81,96.00,'2025-04-05 22:14:14','2025-04-05 22:14:14',0),(81,7,21,85.7,3.66,91.50,'2025-04-05 22:14:14','2025-04-05 22:14:14',0),(82,7,22,87.3,3.7,92.80,'2025-04-05 22:14:14','2025-04-05 22:14:14',0),(83,7,23,89.5,3.75,94.30,'2025-04-05 22:14:14','2025-04-05 22:14:14',0),(84,7,24,88.1,3.71,92.00,'2025-04-05 22:14:14','2025-04-05 22:14:14',0),(85,7,25,90.8,3.8,95.60,'2025-04-05 22:14:14','2025-04-05 22:14:14',0),(86,8,21,86.4,3.69,92.30,'2025-04-05 22:14:14','2025-04-05 22:14:14',0),(87,8,22,88.1,3.73,93.70,'2025-04-05 22:14:14','2025-04-05 22:14:14',0),(88,8,23,89.7,3.76,94.60,'2025-04-05 22:14:14','2025-04-05 22:14:14',0),(89,8,24,87.6,3.7,91.70,'2025-04-05 22:14:14','2025-04-05 22:14:14',0),(90,8,25,91.4,3.82,96.30,'2025-04-05 22:14:14','2025-04-05 22:14:14',0),(91,9,21,85.9,3.67,91.70,'2025-04-05 22:14:14','2025-04-05 22:14:14',0),(92,9,22,87.6,3.71,92.90,'2025-04-05 22:14:14','2025-04-05 22:14:14',0),(93,9,23,89.4,3.74,94.10,'2025-04-05 22:14:14','2025-04-05 22:14:14',0),(94,9,24,88,3.72,92.40,'2025-04-05 22:14:14','2025-04-05 22:14:14',0),(95,9,25,90.9,3.81,95.90,'2025-04-05 22:14:14','2025-04-05 22:14:14',0),(96,10,21,86.2,3.68,92.10,'2025-04-05 22:14:14','2025-04-05 22:14:14',0),(97,10,22,88.3,3.73,93.40,'2025-04-05 22:14:14','2025-04-05 22:14:14',0),(98,10,23,90.1,3.78,94.90,'2025-04-05 22:14:14','2025-04-05 22:14:14',0),(99,10,24,87.7,3.71,91.80,'2025-04-05 22:14:14','2025-04-05 22:14:14',0),(100,10,25,91.2,3.83,96.40,'2025-04-05 22:14:14','2025-04-05 22:14:14',0),(101,11,21,85.4,3.68,91.20,'2025-04-05 22:14:14','2025-04-05 22:14:14',0),(102,11,22,87.6,3.74,92.80,'2025-04-05 22:14:14','2025-04-05 22:14:14',0),(103,11,23,89.1,3.79,94.50,'2025-04-05 22:14:14','2025-04-05 22:14:14',0),(104,11,24,86.8,3.71,90.90,'2025-04-05 22:14:14','2025-04-05 22:14:14',0),(105,11,25,90.2,3.83,96.00,'2025-04-05 22:14:14','2025-04-05 22:14:14',0),(106,12,21,86,3.7,92.00,'2025-04-05 22:14:14','2025-04-05 22:14:14',0),(107,12,22,88.3,3.75,93.40,'2025-04-05 22:14:14','2025-04-05 22:14:14',0),(108,12,23,90.6,3.81,95.30,'2025-04-05 22:14:14','2025-04-05 22:14:14',0),(109,12,24,87.9,3.73,91.50,'2025-04-05 22:14:14','2025-04-05 22:14:14',0),(110,12,25,91.5,3.85,96.70,'2025-04-05 22:14:14','2025-04-05 22:14:14',0),(111,13,21,85.2,3.67,90.80,'2025-04-05 22:14:14','2025-04-05 22:14:14',0),(112,13,22,87.8,3.73,92.90,'2025-04-05 22:14:14','2025-04-05 22:14:14',0),(113,13,23,89.7,3.78,94.10,'2025-04-05 22:14:14','2025-04-05 22:14:14',0),(114,13,24,86.5,3.7,91.20,'2025-04-05 22:14:14','2025-04-05 22:14:14',0),(115,13,25,90.8,3.82,95.60,'2025-04-05 22:14:14','2025-04-05 22:14:14',0),(116,14,21,85.9,3.69,91.50,'2025-04-05 22:14:14','2025-04-05 22:14:14',0),(117,14,22,88.1,3.74,93.20,'2025-04-05 22:14:14','2025-04-05 22:14:14',0),(118,14,23,90.2,3.8,95.00,'2025-04-05 22:14:14','2025-04-05 22:14:14',0),(119,14,24,87.7,3.72,92.10,'2025-04-05 22:14:14','2025-04-05 22:14:14',0),(120,14,25,91.2,3.84,96.30,'2025-04-05 22:14:14','2025-04-05 22:14:14',0),(121,15,21,85.6,3.68,91.00,'2025-04-05 22:14:14','2025-04-05 22:14:14',0),(122,15,22,87.9,3.74,92.70,'2025-04-05 22:14:14','2025-04-05 22:14:14',0),(123,15,23,89.9,3.79,94.20,'2025-04-05 22:14:14','2025-04-05 22:14:14',0),(124,15,24,86.6,3.71,90.80,'2025-04-05 22:14:14','2025-04-05 22:14:14',0),(125,15,25,90.5,3.83,95.90,'2025-04-05 22:14:14','2025-04-05 22:14:14',0),(126,16,21,85.3,3.67,90.70,'2025-04-05 22:14:14','2025-04-05 22:14:14',0),(127,16,22,87.5,3.72,92.60,'2025-04-05 22:14:14','2025-04-05 22:14:14',0),(128,16,23,89.2,3.77,93.80,'2025-04-05 22:14:14','2025-04-05 22:14:14',0),(129,16,24,86.9,3.71,91.40,'2025-04-05 22:14:14','2025-04-05 22:14:14',0),(130,16,25,90.3,3.82,95.70,'2025-04-05 22:14:14','2025-04-05 22:14:14',0),(131,17,21,85.8,3.69,91.20,'2025-04-05 22:14:14','2025-04-05 22:14:14',0),(132,17,22,88,3.74,93.10,'2025-04-05 22:14:14','2025-04-05 22:14:14',0),(133,17,23,90.4,3.79,94.90,'2025-04-05 22:14:14','2025-04-05 22:14:14',0),(134,17,24,87.5,3.72,91.80,'2025-04-05 22:14:14','2025-04-05 22:14:14',0),(135,17,25,91.1,3.84,96.20,'2025-04-05 22:14:14','2025-04-05 22:14:14',0),(136,18,21,85.5,3.68,91.00,'2025-04-05 22:14:14','2025-04-05 22:14:14',0),(137,18,22,87.7,3.73,92.80,'2025-04-05 22:14:14','2025-04-05 22:14:14',0),(138,18,23,89.6,3.78,94.00,'2025-04-05 22:14:14','2025-04-05 22:14:14',0),(139,18,24,86.4,3.7,90.90,'2025-04-05 22:14:14','2025-04-05 22:14:14',0),(140,18,25,90.7,3.81,95.50,'2025-04-05 22:14:14','2025-04-05 22:14:14',0),(141,19,21,85.9,3.69,91.30,'2025-04-05 22:14:14','2025-04-05 22:14:14',0),(142,19,22,88.2,3.75,93.30,'2025-04-05 22:14:14','2025-04-05 22:14:14',0),(143,19,23,90.5,3.8,95.10,'2025-04-05 22:14:14','2025-04-05 22:14:14',0),(144,19,24,87.8,3.73,92.20,'2025-04-05 22:14:14','2025-04-05 22:14:14',0),(145,19,25,91.4,3.85,96.40,'2025-04-05 22:14:14','2025-04-05 22:14:14',0),(146,20,21,85.4,3.67,90.90,'2025-04-05 22:14:14','2025-04-05 22:14:14',0),(147,20,22,87.6,3.72,92.70,'2025-04-05 22:14:14','2025-04-05 22:14:14',0),(148,20,23,89.8,3.78,94.30,'2025-04-05 22:14:14','2025-04-05 22:14:14',0),(149,20,24,86.7,3.71,91.10,'2025-04-05 22:14:14','2025-04-05 22:14:14',0),(150,20,25,90.9,3.83,95.80,'2025-04-05 22:14:14','2025-04-05 22:14:14',0),(151,21,21,85.1,3.66,90.60,'2025-04-05 22:14:14','2025-04-05 22:14:14',0),(152,21,22,87.3,3.71,92.50,'2025-04-05 22:14:14','2025-04-05 22:14:14',0),(153,21,23,89.5,3.76,93.70,'2025-04-05 22:14:14','2025-04-05 22:14:14',0),(154,21,24,86.2,3.69,90.50,'2025-04-05 22:14:14','2025-04-05 22:14:14',0),(155,21,25,90.6,3.8,95.40,'2025-04-05 22:14:14','2025-04-05 22:14:14',0),(156,22,21,85.7,3.69,91.10,'2025-04-05 22:14:14','2025-04-05 22:14:14',0),(157,22,22,88.1,3.74,93.00,'2025-04-05 22:14:14','2025-04-05 22:14:14',0),(158,22,23,90.3,3.79,94.80,'2025-04-05 22:14:14','2025-04-05 22:14:14',0),(159,22,24,87.6,3.72,91.70,'2025-04-05 22:14:14','2025-04-05 22:14:14',0),(160,22,25,91,3.84,96.10,'2025-04-05 22:14:14','2025-04-05 22:14:14',0),(161,23,21,85.2,3.67,90.80,'2025-04-05 22:14:14','2025-04-05 22:14:14',0),(162,23,22,87.5,3.72,92.60,'2025-04-05 22:14:14','2025-04-05 22:14:14',0),(163,23,23,89.9,3.77,94.10,'2025-04-05 22:14:14','2025-04-05 22:14:14',0),(164,23,24,86.5,3.7,91.00,'2025-04-05 22:14:14','2025-04-05 22:14:14',0),(165,23,25,90.8,3.82,95.60,'2025-04-05 22:14:14','2025-04-05 22:14:14',0),(166,24,21,85.6,3.68,91.00,'2025-04-05 22:14:14','2025-04-05 22:14:14',0),(167,24,22,88,3.74,93.10,'2025-04-05 22:14:14','2025-04-05 22:14:14',0),(168,24,23,90.4,3.79,94.90,'2025-04-05 22:14:14','2025-04-05 22:14:14',0),(169,24,24,87.4,3.72,91.60,'2025-04-05 22:14:14','2025-04-05 22:14:14',0),(170,24,25,91.3,3.85,96.30,'2025-04-05 22:14:14','2025-04-05 22:14:14',0),(171,25,21,85.9,3.69,91.30,'2025-04-05 22:14:14','2025-04-05 22:14:14',0),(172,25,22,88.3,3.75,93.40,'2025-04-05 22:14:14','2025-04-05 22:14:14',0),(173,25,23,90.6,3.81,95.20,'2025-04-05 22:14:14','2025-04-05 22:14:14',0),(174,25,24,87.9,3.73,92.30,'2025-04-05 22:14:14','2025-04-05 22:14:14',0),(175,25,25,91.5,3.86,96.50,'2025-04-05 22:14:14','2025-04-05 22:14:14',0),(176,26,21,85.3,3.68,91.10,'2025-04-05 22:14:14','2025-04-05 22:14:14',0),(177,26,22,87.9,3.74,92.90,'2025-04-05 22:14:14','2025-04-05 22:14:14',0),(178,26,23,90.1,3.79,94.40,'2025-04-05 22:14:14','2025-04-05 22:14:14',0),(179,26,24,86.8,3.71,91.30,'2025-04-05 22:14:14','2025-04-05 22:14:14',0),(180,26,25,91,3.83,95.70,'2025-04-05 22:14:14','2025-04-05 22:14:14',0),(181,27,21,85.6,3.69,90.90,'2025-04-05 22:14:14','2025-04-05 22:14:14',0),(182,27,22,87.2,3.73,92.40,'2025-04-05 22:14:14','2025-04-05 22:14:14',0),(183,27,23,89.7,3.78,94.10,'2025-04-05 22:14:14','2025-04-05 22:14:14',0),(184,27,24,86.1,3.7,91.60,'2025-04-05 22:14:14','2025-04-05 22:14:14',0),(185,27,25,90.5,3.82,95.30,'2025-04-05 22:14:14','2025-04-05 22:14:14',0),(186,28,21,85,3.66,90.80,'2025-04-05 22:14:14','2025-04-05 22:14:14',0),(187,28,22,87.4,3.71,92.30,'2025-04-05 22:14:14','2025-04-05 22:14:14',0),(188,28,23,89.9,3.77,93.90,'2025-04-05 22:14:14','2025-04-05 22:14:14',0),(189,28,24,86.7,3.7,91.40,'2025-04-05 22:14:14','2025-04-05 22:14:14',0),(190,28,25,90.8,3.83,95.60,'2025-04-05 22:14:14','2025-04-05 22:14:14',0),(191,29,21,85.5,3.68,91.00,'2025-04-05 22:14:14','2025-04-05 22:14:14',0),(192,29,22,87.8,3.73,92.70,'2025-04-05 22:14:14','2025-04-05 22:14:14',0),(193,29,23,90.2,3.79,94.50,'2025-04-05 22:14:14','2025-04-05 22:14:14',0),(194,29,24,86.9,3.71,91.50,'2025-04-05 22:14:14','2025-04-05 22:14:14',0),(195,29,25,91.2,3.84,96.00,'2025-04-05 22:14:14','2025-04-05 22:14:14',0),(196,30,21,85.7,3.7,91.20,'2025-04-05 22:14:14','2025-04-05 22:14:14',0),(197,30,22,87.1,3.72,92.20,'2025-04-05 22:14:14','2025-04-05 22:14:14',0),(198,30,23,90,3.77,94.20,'2025-04-05 22:14:14','2025-04-05 22:14:14',0),(199,30,24,86.3,3.69,91.00,'2025-04-05 22:14:14','2025-04-05 22:14:14',0),(200,30,25,91.4,3.85,96.10,'2025-04-05 22:14:14','2025-04-05 22:14:14',0);
/*!40000 ALTER TABLE `students_grades_archive` ENABLE KEYS */;
UNLOCK TABLES;

--
-- Table structure for table `term_program_courses`
--

DROP TABLE IF EXISTS `term_program_courses`;
/*!40101 SET @saved_cs_client     = @@character_set_client */;
/*!50503 SET character_set_client = utf8mb4 */;
CREATE TABLE `term_program_courses` (
  `id` int NOT NULL AUTO_INCREMENT,
  `term_id` int NOT NULL,
  `program_id` int NOT NULL,
  `course_id` int NOT NULL,
  `instructor_id` int NOT NULL,
  `credits` int NOT NULL,
  `program_level` int NOT NULL,
  `create_time` datetime DEFAULT NULL,
  `update_time` datetime DEFAULT NULL,
  `is_deleted` tinyint(1) NOT NULL,
  PRIMARY KEY (`id`),
  UNIQUE KEY `uq_term_program_course` (`term_id`,`program_id`,`course_id`),
  KEY `program_id` (`program_id`),
  KEY `course_id` (`course_id`),
  KEY `instructor_id` (`instructor_id`),
  CONSTRAINT `term_program_courses_ibfk_1` FOREIGN KEY (`term_id`) REFERENCES `terms` (`id`),
  CONSTRAINT `term_program_courses_ibfk_2` FOREIGN KEY (`program_id`) REFERENCES `programs` (`id`),
  CONSTRAINT `term_program_courses_ibfk_3` FOREIGN KEY (`course_id`) REFERENCES `courses` (`id`),
  CONSTRAINT `term_program_courses_ibfk_4` FOREIGN KEY (`instructor_id`) REFERENCES `users` (`id`)
) ENGINE=InnoDB AUTO_INCREMENT=41 DEFAULT CHARSET=utf8mb4 COLLATE=utf8mb4_0900_ai_ci;
/*!40101 SET character_set_client = @saved_cs_client */;

--
-- Dumping data for table `term_program_courses`
--

LOCK TABLES `term_program_courses` WRITE;
/*!40000 ALTER TABLE `term_program_courses` DISABLE KEYS */;
INSERT INTO `term_program_courses` VALUES (1,1,1,1,6,6,1,'2025-04-05 22:14:13','2025-04-05 22:14:13',0),(2,1,1,2,7,3,1,'2025-04-05 22:14:13','2025-04-05 22:14:13',0),(3,1,1,3,8,6,1,'2025-04-05 22:14:13','2025-04-05 22:14:13',0),(4,1,1,4,9,3,1,'2025-04-05 22:14:13','2025-04-05 22:14:13',0),(5,1,1,5,10,4,1,'2025-04-05 22:14:13','2025-04-05 22:14:13',0),(6,1,1,6,6,3,2,'2025-04-05 22:14:13','2025-04-05 22:14:13',0),(7,1,1,7,7,3,2,'2025-04-05 22:14:13','2025-04-05 22:14:13',0),(8,1,1,8,8,6,2,'2025-04-05 22:14:13','2025-04-05 22:14:13',0),(9,1,1,9,9,6,2,'2025-04-05 22:14:13','2025-04-05 22:14:13',0),(10,1,1,10,10,5,2,'2025-04-05 22:14:13','2025-04-05 22:14:13',0),(11,2,1,1,6,6,1,'2025-04-05 22:14:13','2025-04-05 22:14:13',0),(12,2,1,2,7,3,1,'2025-04-05 22:14:13','2025-04-05 22:14:13',0),(13,2,1,3,8,6,1,'2025-04-05 22:14:13','2025-04-05 22:14:13',0),(14,2,1,4,9,3,1,'2025-04-05 22:14:13','2025-04-05 22:14:13',0),(15,2,1,5,10,4,1,'2025-04-05 22:14:13','2025-04-05 22:14:13',0),(16,2,1,6,6,3,2,'2025-04-05 22:14:13','2025-04-05 22:14:13',0),(17,2,1,7,7,3,2,'2025-04-05 22:14:13','2025-04-05 22:14:13',0),(18,2,1,8,8,6,2,'2025-04-05 22:14:13','2025-04-05 22:14:13',0),(19,2,1,9,9,6,2,'2025-04-05 22:14:13','2025-04-05 22:14:13',0),(20,2,1,10,10,5,2,'2025-04-05 22:14:13','2025-04-05 22:14:13',0),(21,3,1,1,6,6,1,'2025-04-05 22:14:13','2025-04-05 22:14:13',0),(22,3,1,2,7,3,1,'2025-04-05 22:14:13','2025-04-05 22:14:13',0),(23,3,1,3,8,6,1,'2025-04-05 22:14:13','2025-04-05 22:14:13',0),(24,3,1,4,9,3,1,'2025-04-05 22:14:13','2025-04-05 22:14:13',0),(25,3,1,5,10,4,1,'2025-04-05 22:14:13','2025-04-05 22:14:13',0),(26,3,1,6,6,3,2,'2025-04-05 22:14:13','2025-04-05 22:14:13',0),(27,3,1,7,7,3,2,'2025-04-05 22:14:13','2025-04-05 22:14:13',0),(28,3,1,8,8,6,2,'2025-04-05 22:14:13','2025-04-05 22:14:13',0),(29,3,1,9,9,6,2,'2025-04-05 22:14:13','2025-04-05 22:14:13',0),(30,3,1,10,10,5,2,'2025-04-05 22:14:13','2025-04-05 22:14:13',0),(31,4,1,1,6,6,1,'2025-04-05 22:14:13','2025-04-05 22:14:13',0),(32,4,1,2,7,3,1,'2025-04-05 22:14:13','2025-04-05 22:14:13',0),(33,4,1,3,8,6,1,'2025-04-05 22:14:13','2025-04-05 22:14:13',0),(34,4,1,4,9,3,1,'2025-04-05 22:14:13','2025-04-05 22:14:13',0),(35,4,1,5,10,4,1,'2025-04-05 22:14:13','2025-04-05 22:14:13',0),(36,4,1,6,6,3,2,'2025-04-05 22:14:13','2025-04-05 22:14:13',0),(37,4,1,7,7,3,2,'2025-04-05 22:14:13','2025-04-05 22:14:13',0),(38,4,1,8,8,6,2,'2025-04-05 22:14:13','2025-04-05 22:14:13',0),(39,4,1,9,9,6,2,'2025-04-05 22:14:13','2025-04-05 22:14:13',0),(40,4,1,10,10,5,2,'2025-04-05 22:14:13','2025-04-05 22:14:13',0);
/*!40000 ALTER TABLE `term_program_courses` ENABLE KEYS */;
UNLOCK TABLES;

--
-- Table structure for table `terms`
--

DROP TABLE IF EXISTS `terms`;
/*!40101 SET @saved_cs_client     = @@character_set_client */;
/*!50503 SET character_set_client = utf8mb4 */;
CREATE TABLE `terms` (
  `id` int NOT NULL AUTO_INCREMENT,
  `year` int DEFAULT NULL,
  `season` varchar(10) DEFAULT NULL,
  `section` smallint NOT NULL,
  `start_date` datetime NOT NULL,
  `end_date` datetime NOT NULL,
  `create_time` datetime DEFAULT NULL,
  `update_time` datetime DEFAULT NULL,
  `is_deleted` tinyint(1) NOT NULL,
  PRIMARY KEY (`id`),
  UNIQUE KEY `uq_year_season` (`year`,`season`)
) ENGINE=InnoDB AUTO_INCREMENT=5 DEFAULT CHARSET=utf8mb4 COLLATE=utf8mb4_0900_ai_ci;
/*!40101 SET character_set_client = @saved_cs_client */;

--
-- Dumping data for table `terms`
--

LOCK TABLES `terms` WRITE;
/*!40000 ALTER TABLE `terms` DISABLE KEYS */;
INSERT INTO `terms` VALUES (1,2025,'Winter',1,'2025-01-01 00:00:00','2025-04-30 00:00:00','2025-04-05 22:14:13','2025-04-05 22:14:13',0),(2,2024,'Fall',1,'2024-09-01 00:00:00','2024-12-31 00:00:00','2025-04-05 22:14:13','2025-04-05 22:14:13',0),(3,2024,'Spring',1,'2024-05-01 00:00:00','2024-08-31 00:00:00','2025-04-05 22:14:13','2025-04-05 22:14:13',0),(4,2024,'Winter',1,'2024-01-01 00:00:00','2024-04-30 00:00:00','2025-04-05 22:14:13','2025-04-05 22:14:13',0);
/*!40000 ALTER TABLE `terms` ENABLE KEYS */;
UNLOCK TABLES;

--
-- Table structure for table `user_roles`
--

DROP TABLE IF EXISTS `user_roles`;
/*!40101 SET @saved_cs_client     = @@character_set_client */;
/*!50503 SET character_set_client = utf8mb4 */;
CREATE TABLE `user_roles` (
  `id` int NOT NULL AUTO_INCREMENT,
  `name` varchar(10) NOT NULL,
  `create_time` datetime DEFAULT NULL,
  `update_time` datetime DEFAULT NULL,
  `is_deleted` tinyint(1) NOT NULL,
  PRIMARY KEY (`id`),
  UNIQUE KEY `name` (`name`)
) ENGINE=InnoDB AUTO_INCREMENT=4 DEFAULT CHARSET=utf8mb4 COLLATE=utf8mb4_0900_ai_ci;
/*!40101 SET character_set_client = @saved_cs_client */;

--
-- Dumping data for table `user_roles`
--

LOCK TABLES `user_roles` WRITE;
/*!40000 ALTER TABLE `user_roles` DISABLE KEYS */;
INSERT INTO `user_roles` VALUES (1,'STUDENT','2025-04-05 22:14:13','2025-04-05 22:14:13',0),(2,'INSTRUCTOR','2025-04-05 22:14:13','2025-04-05 22:14:13',0),(3,'ADMIN','2025-04-05 22:14:13','2025-04-05 22:14:13',0);
/*!40000 ALTER TABLE `user_roles` ENABLE KEYS */;
UNLOCK TABLES;

--
-- Table structure for table `user_tokens`
--

DROP TABLE IF EXISTS `user_tokens`;
/*!40101 SET @saved_cs_client     = @@character_set_client */;
/*!50503 SET character_set_client = utf8mb4 */;
CREATE TABLE `user_tokens` (
  `id` int NOT NULL AUTO_INCREMENT,
  `user_id` int NOT NULL,
  `otp` varchar(6) NOT NULL,
  `expires` datetime NOT NULL,
  `token` varchar(255) DEFAULT NULL,
  `create_time` datetime DEFAULT NULL,
  `update_time` datetime DEFAULT NULL,
  `is_deleted` tinyint(1) NOT NULL,
  PRIMARY KEY (`id`),
  KEY `user_id` (`user_id`),
  CONSTRAINT `user_tokens_ibfk_1` FOREIGN KEY (`user_id`) REFERENCES `users` (`id`)
) ENGINE=InnoDB DEFAULT CHARSET=utf8mb4 COLLATE=utf8mb4_0900_ai_ci;
/*!40101 SET character_set_client = @saved_cs_client */;

--
-- Dumping data for table `user_tokens`
--

LOCK TABLES `user_tokens` WRITE;
/*!40000 ALTER TABLE `user_tokens` DISABLE KEYS */;
/*!40000 ALTER TABLE `user_tokens` ENABLE KEYS */;
UNLOCK TABLES;

--
-- Table structure for table `users`
--

DROP TABLE IF EXISTS `users`;
/*!40101 SET @saved_cs_client     = @@character_set_client */;
/*!50503 SET character_set_client = utf8mb4 */;
CREATE TABLE `users` (
  `id` int NOT NULL AUTO_INCREMENT,
  `email` varchar(128) DEFAULT NULL,
  `first_name` varchar(128) DEFAULT NULL,
  `last_name` varchar(128) DEFAULT NULL,
  `role_id` int DEFAULT NULL,
  `is_active` tinyint(1) NOT NULL,
  `create_time` datetime DEFAULT NULL,
  `update_time` datetime DEFAULT NULL,
  `is_deleted` tinyint(1) NOT NULL,
  PRIMARY KEY (`id`),
  UNIQUE KEY `email` (`email`),
  KEY `role_id` (`role_id`),
  CONSTRAINT `users_ibfk_1` FOREIGN KEY (`role_id`) REFERENCES `user_roles` (`id`)
) ENGINE=InnoDB AUTO_INCREMENT=31 DEFAULT CHARSET=utf8mb4 COLLATE=utf8mb4_0900_ai_ci;
/*!40101 SET character_set_client = @saved_cs_client */;

--
-- Dumping data for table `users`
--

LOCK TABLES `users` WRITE;
/*!40000 ALTER TABLE `users` DISABLE KEYS */;
INSERT INTO `users` VALUES (1,'admin@conestogac.on.ca','Admin','',3,1,'2025-04-05 22:14:13','2025-04-05 22:14:13',0),(2,'cc@conestogac.on.ca','Ce','Chen',1,1,'2025-04-05 22:14:13','2025-04-05 22:14:13',0),(3,'mila@conestogac.on.ca','Mila','Yang',1,1,'2025-04-05 22:14:13','2025-04-05 22:14:13',0),(4,'bin@conestogac.on.ca','Bin','Hu',1,1,'2025-04-05 22:14:13','2025-04-05 22:14:13',0),(5,'anuroopa@conestogac.on.ca','Anuroopa','Balachandran',1,1,'2025-04-05 22:14:13','2025-04-05 22:14:13',0),(6,'alex@conestogac.on.ca','Alex','',2,1,'2025-04-05 22:14:13','2025-04-05 22:14:13',0),(7,'eric@conestogac.on.ca','Eric','',2,1,'2025-04-05 22:14:13','2025-04-05 22:14:13',0),(8,'jomis@conestogac.on.ca','Jomis','',2,1,'2025-04-05 22:14:13','2025-04-05 22:14:13',0),(9,'amrita@conestogac.on.ca','Amrita','',2,1,'2025-04-05 22:14:13','2025-04-05 22:14:13',0),(10,'ahmed@conestogac.on.ca','Ahmed','',2,1,'2025-04-05 22:14:13','2025-04-05 22:14:13',0),(11,'user11@conestogac.on.ca','John','Doe',1,1,'2025-04-05 22:14:13','2025-04-05 22:14:13',0),(12,'user12@conestogac.on.ca','Jane','Smith',1,1,'2025-04-05 22:14:13','2025-04-05 22:14:13',0),(13,'user13@conestogac.on.ca','Michael','Brown',1,1,'2025-04-05 22:14:13','2025-04-05 22:14:13',0),(14,'user14@conestogac.on.ca','Emily','Davis',1,1,'2025-04-05 22:14:13','2025-04-05 22:14:13',0),(15,'user15@conestogac.on.ca','David','Wilson',1,1,'2025-04-05 22:14:13','2025-04-05 22:14:13',0),(16,'user16@conestogac.on.ca','Sarah','Johnson',1,1,'2025-04-05 22:14:13','2025-04-05 22:14:13',0),(17,'user17@conestogac.on.ca','Daniel','Martinez',1,1,'2025-04-05 22:14:13','2025-04-05 22:14:13',0),(18,'user18@conestogac.on.ca','Laura','Taylor',1,1,'2025-04-05 22:14:13','2025-04-05 22:14:13',0),(19,'user19@conestogac.on.ca','James','Anderson',1,1,'2025-04-05 22:14:13','2025-04-05 22:14:13',0),(20,'user20@conestogac.on.ca','Olivia','Thomas',1,1,'2025-04-05 22:14:13','2025-04-05 22:14:13',0),(21,'user21@conestogac.on.ca','Robert','Hernandez',1,1,'2025-04-05 22:14:13','2025-04-05 22:14:13',0),(22,'user22@conestogac.on.ca','Emma','Moore',1,1,'2025-04-05 22:14:13','2025-04-05 22:14:13',0),(23,'user23@conestogac.on.ca','William','Jackson',1,1,'2025-04-05 22:14:13','2025-04-05 22:14:13',0),(24,'user24@conestogac.on.ca','Sophia','White',1,1,'2025-04-05 22:14:13','2025-04-05 22:14:13',0),(25,'user25@conestogac.on.ca','Ethan','Harris',1,1,'2025-04-05 22:14:13','2025-04-05 22:14:13',0),(26,'user26@conestogac.on.ca','Mia','Clark',1,1,'2025-04-05 22:14:13','2025-04-05 22:14:13',0),(27,'user27@conestogac.on.ca','Alexander','Rodriguez',1,1,'2025-04-05 22:14:13','2025-04-05 22:14:13',0),(28,'user28@conestogac.on.ca','Charlotte','Lewis',1,1,'2025-04-05 22:14:13','2025-04-05 22:14:13',0),(29,'user29@conestogac.on.ca','Benjamin','Walker',1,1,'2025-04-05 22:14:13','2025-04-05 22:14:13',0),(30,'user30@conestogac.on.ca','Amelia','Hall',1,1,'2025-04-05 22:14:13','2025-04-05 22:14:13',0);
/*!40000 ALTER TABLE `users` ENABLE KEYS */;
UNLOCK TABLES;
/*!40103 SET TIME_ZONE=@OLD_TIME_ZONE */;

/*!40101 SET SQL_MODE=@OLD_SQL_MODE */;
/*!40014 SET FOREIGN_KEY_CHECKS=@OLD_FOREIGN_KEY_CHECKS */;
/*!40014 SET UNIQUE_CHECKS=@OLD_UNIQUE_CHECKS */;
/*!40101 SET CHARACTER_SET_CLIENT=@OLD_CHARACTER_SET_CLIENT */;
/*!40101 SET CHARACTER_SET_RESULTS=@OLD_CHARACTER_SET_RESULTS */;
/*!40101 SET COLLATION_CONNECTION=@OLD_COLLATION_CONNECTION */;
/*!40111 SET SQL_NOTES=@OLD_SQL_NOTES */;

-- Dump completed on 2025-04-05 18:14:40
